timestamp_unix,timestamp_iso,participant_full_id,counts_x_axis,counts_y_axis,counts_z_axis,vector_magnitude,missing_value_reason
1778889600000,2026-05-16T00:00:00Z,1788-1-1-HN,1138,851,1623,2157,
1778889660000,2026-05-16T00:01:00Z,1788-1-1-HN,4179,3121,3739,6417,
1778889720000,2026-05-16T00:02:00Z,1788-1-1-HN,49,44,171,183,
1778889780000,2026-05-16T00:03:00Z,1788-1-1-HN,98,70,246,273,
1778889840000,2026-05-16T00:04:00Z,1788-1-1-HN,0,0,87,87,
1778889900000,2026-05-16T00:05:00Z,1788-1-1-HN,8,0,23,24,
1778889960000,2026-05-16T00:06:00Z,1788-1-1-HN,0,0,27,27,
1778890020000,2026-05-16T00:07:00Z,1788-1-1-HN,0,0,0,0,
1778890080000,2026-05-16T00:08:00Z,1788-1-1-HN,0,0,134,134,
1778890140000,2026-05-16T00:09:00Z,1788-1-1-HN,0,0,45,45,
1778890200000,2026-05-16T00:10:00Z,1788-1-1-HN,8,7,65,65,
1778890260000,2026-05-16T00:11:00Z,1788-1-1-HN,3636,3126,3544,5962,
1778890320000,2026-05-16T00:12:00Z,1788-1-1-HN,6736,5390,6617,10872,
1778890380000,2026-05-16T00:13:00Z,1788-1-1-HN,3325,2620,3484,5482,
1778890440000,2026-05-16T00:14:00Z,1788-1-1-HN,0,0,297,297,
1778890500000,2026-05-16T00:15:00Z,1788-1-1-HN,0,0,180,180,
1778890560000,2026-05-16T00:16:00Z,1788-1-1-HN,0,0,176,176,
1778890620000,2026-05-16T00:17:00Z,1788-1-1-HN,3,0,126,126,
1778890680000,2026-05-16T00:18:00Z,1788-1-1-HN,0,0,17,17,
1778890740000,2026-05-16T00:19:00Z,1788-1-1-HN,62,309,265,411,
1778890800000,2026-05-16T00:20:00Z,1788-1-1-HN,682,1931,1005,2281,
1778890860000,2026-05-16T00:21:00Z,1788-1-1-HN,22,216,245,327,
1778890920000,2026-05-16T00:22:00Z,1788-1-1-HN,509,1051,1119,1617,
1778890980000,2026-05-16T00:23:00Z,1788-1-1-HN,21,250,118,277,
1778891040000,2026-05-16T00:24:00Z,1788-1-1-HN,138,1270,489,1367,
1778891100000,2026-05-16T00:25:00Z,1788-1-1-HN,116,722,338,805,
1778891160000,2026-05-16T00:26:00Z,1788-1-1-HN,89,569,769,960,
1778891220000,2026-05-16T00:27:00Z,1788-1-1-HN,896,3652,3061,4848,
1778891280000,2026-05-16T00:28:00Z,1788-1-1-HN,146,824,1240,1495,
1778891340000,2026-05-16T00:29:00Z,1788-1-1-HN,230,185,826,877,
1778891400000,2026-05-16T00:30:00Z,1788-1-1-HN,791,510,673,1157,
1778891460000,2026-05-16T00:31:00Z,1788-1-1-HN,4760,5734,6269,9738,
1778891520000,2026-05-16T00:32:00Z,1788-1-1-HN,0,114,34,118,
1778891580000,2026-05-16T00:33:00Z,1788-1-1-HN,512,763,289,963,
1778891640000,2026-05-16T00:34:00Z,1788-1-1-HN,0,106,39,112,
1778891700000,2026-05-16T00:35:00Z,1788-1-1-HN,0,40,30,50,
1778891760000,2026-05-16T00:36:00Z,1788-1-1-HN,0,144,4,144,
1778891820000,2026-05-16T00:37:00Z,1788-1-1-HN,0,2,0,2,
1778891880000,2026-05-16T00:38:00Z,1788-1-1-HN,0,50,42,65,
1778891940000,2026-05-16T00:39:00Z,1788-1-1-HN,0,0,22,22,
1778892000000,2026-05-16T00:40:00Z,1788-1-1-HN,990,2388,1509,2993,
1778892060000,2026-05-16T00:41:00Z,1788-1-1-HN,0,80,98,126,
1778892120000,2026-05-16T00:42:00Z,1788-1-1-HN,353,682,776,1091,
1778892180000,2026-05-16T00:43:00Z,1788-1-1-HN,165,405,541,695,
1778892240000,2026-05-16T00:44:00Z,1788-1-1-HN,0,0,0,0,
1778892300000,2026-05-16T00:45:00Z,1788-1-1-HN,584,1060,960,1544,
1778892360000,2026-05-16T00:46:00Z,1788-1-1-HN,0,0,0,0,
1778892420000,2026-05-16T00:47:00Z,1788-1-1-HN,240,665,645,957,
1778892480000,2026-05-16T00:48:00Z,1788-1-1-HN,0,0,0,0,
1778892540000,2026-05-16T00:49:00Z,1788-1-1-HN,918,972,1131,1751,
1778892600000,2026-05-16T00:50:00Z,1788-1-1-HN,104,99,155,211,
1778892660000,2026-05-16T00:51:00Z,1788-1-1-HN,0,0,0,0,
1778892720000,2026-05-16T00:52:00Z,1788-1-1-HN,0,0,0,0,
1778892780000,2026-05-16T00:53:00Z,1788-1-1-HN,106,377,327,510,
1778892840000,2026-05-16T00:54:00Z,1788-1-1-HN,711,1506,962,1923,
1778892900000,2026-05-16T00:55:00Z,1788-1-1-HN,319,307,102,454,
1778892960000,2026-05-16T00:56:00Z,1788-1-1-HN,395,606,170,743,
1778893020000,2026-05-16T00:57:00Z,1788-1-1-HN,320,463,478,738,
1778893080000,2026-05-16T00:58:00Z,1788-1-1-HN,0,0,0,0,
1778893140000,2026-05-16T00:59:00Z,1788-1-1-HN,979,1850,1478,2562,
1778893200000,2026-05-16T01:00:00Z,1788-1-1-HN,257,740,316,844,
1778893260000,2026-05-16T01:01:00Z,1788-1-1-HN,1,0,0,1,
1778893320000,2026-05-16T01:02:00Z,1788-1-1-HN,0,0,0,0,
1778893380000,2026-05-16T01:03:00Z,1788-1-1-HN,0,0,0,0,
1778893440000,2026-05-16T01:04:00Z,1788-1-1-HN,0,0,0,0,
1778893500000,2026-05-16T01:05:00Z,1788-1-1-HN,463,999,301,1141,
1778893560000,2026-05-16T01:06:00Z,1788-1-1-HN,2,0,0,2,
1778893620000,2026-05-16T01:07:00Z,1788-1-1-HN,0,0,0,0,
1778893680000,2026-05-16T01:08:00Z,1788-1-1-HN,79,33,18,87,
1778893740000,2026-05-16T01:09:00Z,1788-1-1-HN,0,0,0,0,
1778893800000,2026-05-16T01:10:00Z,1788-1-1-HN,97,38,11,104,
1778893860000,2026-05-16T01:11:00Z,1788-1-1-HN,349,321,218,521,
1778893920000,2026-05-16T01:12:00Z,1788-1-1-HN,65,0,0,65,
1778893980000,2026-05-16T01:13:00Z,1788-1-1-HN,412,130,240,494,
1778894040000,2026-05-16T01:14:00Z,1788-1-1-HN,18,0,0,18,
1778894100000,2026-05-16T01:15:00Z,1788-1-1-HN,274,216,45,351,
1778894160000,2026-05-16T01:16:00Z,1788-1-1-HN,0,0,0,0,
1778894220000,2026-05-16T01:17:00Z,1788-1-1-HN,73,9,18,75,
1778894280000,2026-05-16T01:18:00Z,1788-1-1-HN,937,1010,986,1694,
1778894340000,2026-05-16T01:19:00Z,1788-1-1-HN,0,0,0,0,
1778894400000,2026-05-16T01:20:00Z,1788-1-1-HN,0,0,0,0,
1778894460000,2026-05-16T01:21:00Z,1788-1-1-HN,0,0,0,0,
1778894520000,2026-05-16T01:22:00Z,1788-1-1-HN,0,0,0,0,
1778894580000,2026-05-16T01:23:00Z,1788-1-1-HN,0,0,0,0,
1778894640000,2026-05-16T01:24:00Z,1788-1-1-HN,0,0,0,0,
1778894700000,2026-05-16T01:25:00Z,1788-1-1-HN,0,0,0,0,
1778894760000,2026-05-16T01:26:00Z,1788-1-1-HN,0,0,0,0,
1778894820000,2026-05-16T01:27:00Z,1788-1-1-HN,0,0,0,0,
1778894880000,2026-05-16T01:28:00Z,1788-1-1-HN,0,0,0,0,
1778894940000,2026-05-16T01:29:00Z,1788-1-1-HN,0,0,0,0,
1778895000000,2026-05-16T01:30:00Z,1788-1-1-HN,0,0,0,0,
1778895060000,2026-05-16T01:31:00Z,1788-1-1-HN,0,0,0,0,
1778895120000,2026-05-16T01:32:00Z,1788-1-1-HN,0,0,0,0,
1778895180000,2026-05-16T01:33:00Z,1788-1-1-HN,0,180,38,183,
1778895240000,2026-05-16T01:34:00Z,1788-1-1-HN,0,0,0,0,
1778895300000,2026-05-16T01:35:00Z,1788-1-1-HN,0,3,0,3,
1778895360000,2026-05-16T01:36:00Z,1788-1-1-HN,0,0,0,0,
1778895420000,2026-05-16T01:37:00Z,1788-1-1-HN,0,0,0,0,
1778895480000,2026-05-16T01:38:00Z,1788-1-1-HN,0,0,0,0,
1778895540000,2026-05-16T01:39:00Z,1788-1-1-HN,0,0,0,0,
1778895600000,2026-05-16T01:40:00Z,1788-1-1-HN,0,0,0,0,
1778895660000,2026-05-16T01:41:00Z,1788-1-1-HN,0,0,0,0,
1778895720000,2026-05-16T01:42:00Z,1788-1-1-HN,1269,1977,1134,2608,
1778895780000,2026-05-16T01:43:00Z,1788-1-1-HN,422,202,87,475,
1778895840000,2026-05-16T01:44:00Z,1788-1-1-HN,0,7,0,7,
1778895900000,2026-05-16T01:45:00Z,1788-1-1-HN,0,26,0,26,
1778895960000,2026-05-16T01:46:00Z,1788-1-1-HN,0,0,0,0,
1778896020000,2026-05-16T01:47:00Z,1788-1-1-HN,286,591,153,674,
1778896080000,2026-05-16T01:48:00Z,1788-1-1-HN,17,0,0,17,
1778896140000,2026-05-16T01:49:00Z,1788-1-1-HN,700,895,536,1256,
1778896200000,2026-05-16T01:50:00Z,1788-1-1-HN,0,0,0,0,
1778896260000,2026-05-16T01:51:00Z,1788-1-1-HN,0,0,0,0,
1778896320000,2026-05-16T01:52:00Z,1788-1-1-HN,0,0,0,0,
1778896380000,2026-05-16T01:53:00Z,1788-1-1-HN,0,0,0,0,
1778896440000,2026-05-16T01:54:00Z,1788-1-1-HN,442,596,352,821,
1778896500000,2026-05-16T01:55:00Z,1788-1-1-HN,235,335,173,444,
1778896560000,2026-05-16T01:56:00Z,1788-1-1-HN,0,0,0,0,
1778896620000,2026-05-16T01:57:00Z,1788-1-1-HN,0,0,0,0,
1778896680000,2026-05-16T01:58:00Z,1788-1-1-HN,0,0,0,0,
1778896740000,2026-05-16T01:59:00Z,1788-1-1-HN,0,0,0,0,
1778896800000,2026-05-16T02:00:00Z,1788-1-1-HN,0,0,0,0,
1778896860000,2026-05-16T02:01:00Z,1788-1-1-HN,0,0,0,0,
1778896920000,2026-05-16T02:02:00Z,1788-1-1-HN,0,0,0,0,
1778896980000,2026-05-16T02:03:00Z,1788-1-1-HN,0,0,0,0,
1778897040000,2026-05-16T02:04:00Z,1788-1-1-HN,0,0,0,0,
1778897100000,2026-05-16T02:05:00Z,1788-1-1-HN,0,0,0,0,
1778897160000,2026-05-16T02:06:00Z,1788-1-1-HN,0,0,0,0,
1778897220000,2026-05-16T02:07:00Z,1788-1-1-HN,0,0,0,0,
1778897280000,2026-05-16T02:08:00Z,1788-1-1-HN,0,0,0,0,
1778897340000,2026-05-16T02:09:00Z,1788-1-1-HN,0,0,0,0,
1778897400000,2026-05-16T02:10:00Z,1788-1-1-HN,0,0,0,0,
1778897460000,2026-05-16T02:11:00Z,1788-1-1-HN,238,546,359,695,
1778897520000,2026-05-16T02:12:00Z,1788-1-1-HN,909,1719,944,2161,
1778897580000,2026-05-16T02:13:00Z,1788-1-1-HN,0,0,0,0,
1778897640000,2026-05-16T02:14:00Z,1788-1-1-HN,0,0,0,0,
1778897700000,2026-05-16T02:15:00Z,1788-1-1-HN,0,0,0,0,
1778897760000,2026-05-16T02:16:00Z,1788-1-1-HN,0,0,0,0,
1778897820000,2026-05-16T02:17:00Z,1788-1-1-HN,0,0,0,0,
1778897880000,2026-05-16T02:18:00Z,1788-1-1-HN,0,0,0,0,
1778897940000,2026-05-16T02:19:00Z,1788-1-1-HN,697,1067,582,1401,
1778898000000,2026-05-16T02:20:00Z,1788-1-1-HN,0,0,0,0,
1778898060000,2026-05-16T02:21:00Z,1788-1-1-HN,0,0,0,0,
1778898120000,2026-05-16T02:22:00Z,1788-1-1-HN,0,0,0,0,
1778898180000,2026-05-16T02:23:00Z,1788-1-1-HN,486,620,461,912,
1778898240000,2026-05-16T02:24:00Z,1788-1-1-HN,1120,1956,904,2428,
1778898300000,2026-05-16T02:25:00Z,1788-1-1-HN,0,12,44,45,
1778898360000,2026-05-16T02:26:00Z,1788-1-1-HN,0,6,33,33,
1778898420000,2026-05-16T02:27:00Z,1788-1-1-HN,0,0,0,0,
1778898480000,2026-05-16T02:28:00Z,1788-1-1-HN,0,0,0,0,
1778898540000,2026-05-16T02:29:00Z,1788-1-1-HN,0,0,0,0,
1778898600000,2026-05-16T02:30:00Z,1788-1-1-HN,547,371,165,681,
1778898660000,2026-05-16T02:31:00Z,1788-1-1-HN,0,0,0,0,
1778898720000,2026-05-16T02:32:00Z,1788-1-1-HN,0,0,0,0,
1778898780000,2026-05-16T02:33:00Z,1788-1-1-HN,0,0,0,0,
1778898840000,2026-05-16T02:34:00Z,1788-1-1-HN,0,0,0,0,
1778898900000,2026-05-16T02:35:00Z,1788-1-1-HN,0,0,0,0,
1778898960000,2026-05-16T02:36:00Z,1788-1-1-HN,0,0,0,0,
1778899020000,2026-05-16T02:37:00Z,1788-1-1-HN,0,0,0,0,
1778899080000,2026-05-16T02:38:00Z,1788-1-1-HN,372,603,489,860,
1778899140000,2026-05-16T02:39:00Z,1788-1-1-HN,0,0,0,0,
1778899200000,2026-05-16T02:40:00Z,1788-1-1-HN,0,0,0,0,
1778899260000,2026-05-16T02:41:00Z,1788-1-1-HN,0,0,0,0,
1778899320000,2026-05-16T02:42:00Z,1788-1-1-HN,0,0,0,0,
1778899380000,2026-05-16T02:43:00Z,1788-1-1-HN,0,0,0,0,
1778899440000,2026-05-16T02:44:00Z,1788-1-1-HN,941,934,886,1594,
1778899500000,2026-05-16T02:45:00Z,1788-1-1-HN,330,430,399,673,
1778899560000,2026-05-16T02:46:00Z,1788-1-1-HN,0,0,0,0,
1778899620000,2026-05-16T02:47:00Z,1788-1-1-HN,0,0,0,0,
1778899680000,2026-05-16T02:48:00Z,1788-1-1-HN,0,0,0,0,
1778899740000,2026-05-16T02:49:00Z,1788-1-1-HN,0,0,0,0,
1778899800000,2026-05-16T02:50:00Z,1788-1-1-HN,150,143,441,487,
1778899860000,2026-05-16T02:51:00Z,1788-1-1-HN,0,0,0,0,
1778899920000,2026-05-16T02:52:00Z,1788-1-1-HN,0,0,0,0,
1778899980000,2026-05-16T02:53:00Z,1788-1-1-HN,0,0,0,0,
1778900040000,2026-05-16T02:54:00Z,1788-1-1-HN,0,0,0,0,
1778900100000,2026-05-16T02:55:00Z,1788-1-1-HN,0,0,0,0,
1778900160000,2026-05-16T02:56:00Z,1788-1-1-HN,633,1358,434,1559,
1778900220000,2026-05-16T02:57:00Z,1788-1-1-HN,0,0,0,0,
1778900280000,2026-05-16T02:58:00Z,1788-1-1-HN,0,0,0,0,
1778900340000,2026-05-16T02:59:00Z,1788-1-1-HN,0,0,0,0,
1778900400000,2026-05-16T03:00:00Z,1788-1-1-HN,390,560,229,719,
1778900460000,2026-05-16T03:01:00Z,1788-1-1-HN,285,354,135,474,
1778900520000,2026-05-16T03:02:00Z,1788-1-1-HN,0,0,0,0,
1778900580000,2026-05-16T03:03:00Z,1788-1-1-HN,0,0,0,0,
1778900640000,2026-05-16T03:04:00Z,1788-1-1-HN,254,298,161,423,
1778900700000,2026-05-16T03:05:00Z,1788-1-1-HN,0,29,0,29,
1778900760000,2026-05-16T03:06:00Z,1788-1-1-HN,0,0,0,0,
1778900820000,2026-05-16T03:07:00Z,1788-1-1-HN,0,0,0,0,
1778900880000,2026-05-16T03:08:00Z,1788-1-1-HN,343,920,606,1153,
1778900940000,2026-05-16T03:09:00Z,1788-1-1-HN,0,0,0,0,
1778901000000,2026-05-16T03:10:00Z,1788-1-1-HN,0,0,0,0,
1778901060000,2026-05-16T03:11:00Z,1788-1-1-HN,0,0,0,0,
1778901120000,2026-05-16T03:12:00Z,1788-1-1-HN,0,6,0,6,
1778901180000,2026-05-16T03:13:00Z,1788-1-1-HN,0,0,0,0,
1778901240000,2026-05-16T03:14:00Z,1788-1-1-HN,0,6,0,6,
1778901300000,2026-05-16T03:15:00Z,1788-1-1-HN,673,1083,412,1339,
1778901360000,2026-05-16T03:16:00Z,1788-1-1-HN,0,0,0,0,
1778901420000,2026-05-16T03:17:00Z,1788-1-1-HN,0,0,0,0,
1778901480000,2026-05-16T03:18:00Z,1788-1-1-HN,0,0,0,0,
1778901540000,2026-05-16T03:19:00Z,1788-1-1-HN,0,0,0,0,
1778901600000,2026-05-16T03:20:00Z,1788-1-1-HN,0,0,0,0,
1778901660000,2026-05-16T03:21:00Z,1788-1-1-HN,0,0,0,0,
1778901720000,2026-05-16T03:22:00Z,1788-1-1-HN,0,0,0,0,
1778901780000,2026-05-16T03:23:00Z,1788-1-1-HN,447,761,310,935,
1778901840000,2026-05-16T03:24:00Z,1788-1-1-HN,0,0,0,0,
1778901900000,2026-05-16T03:25:00Z,1788-1-1-HN,0,0,0,0,
1778901960000,2026-05-16T03:26:00Z,1788-1-1-HN,0,0,0,0,
1778902020000,2026-05-16T03:27:00Z,1788-1-1-HN,0,0,0,0,
1778902080000,2026-05-16T03:28:00Z,1788-1-1-HN,0,0,0,0,
1778902140000,2026-05-16T03:29:00Z,1788-1-1-HN,16,4,25,29,
1778902200000,2026-05-16T03:30:00Z,1788-1-1-HN,0,0,0,0,
1778902260000,2026-05-16T03:31:00Z,1788-1-1-HN,0,0,0,0,
1778902320000,2026-05-16T03:32:00Z,1788-1-1-HN,0,0,0,0,
1778902380000,2026-05-16T03:33:00Z,1788-1-1-HN,0,0,0,0,
1778902440000,2026-05-16T03:34:00Z,1788-1-1-HN,0,0,0,0,
1778902500000,2026-05-16T03:35:00Z,1788-1-1-HN,0,0,0,0,
1778902560000,2026-05-16T03:36:00Z,1788-1-1-HN,0,0,0,0,
1778902620000,2026-05-16T03:37:00Z,1788-1-1-HN,0,0,0,0,
1778902680000,2026-05-16T03:38:00Z,1788-1-1-HN,0,0,0,0,
1778902740000,2026-05-16T03:39:00Z,1788-1-1-HN,0,0,0,0,
1778902800000,2026-05-16T03:40:00Z,1788-1-1-HN,0,0,0,0,
1778902860000,2026-05-16T03:41:00Z,1788-1-1-HN,0,0,0,0,
1778902920000,2026-05-16T03:42:00Z,1788-1-1-HN,0,0,0,0,
1778902980000,2026-05-16T03:43:00Z,1788-1-1-HN,0,0,0,0,
1778903040000,2026-05-16T03:44:00Z,1788-1-1-HN,0,0,0,0,
1778903100000,2026-05-16T03:45:00Z,1788-1-1-HN,0,0,0,0,
1778903160000,2026-05-16T03:46:00Z,1788-1-1-HN,0,0,0,0,
1778903220000,2026-05-16T03:47:00Z,1788-1-1-HN,0,0,0,0,
1778903280000,2026-05-16T03:48:00Z,1788-1-1-HN,0,0,0,0,
1778903340000,2026-05-16T03:49:00Z,1788-1-1-HN,0,0,0,0,
1778903400000,2026-05-16T03:50:00Z,1788-1-1-HN,0,0,0,0,
1778903460000,2026-05-16T03:51:00Z,1788-1-1-HN,0,0,0,0,
1778903520000,2026-05-16T03:52:00Z,1788-1-1-HN,0,0,0,0,
1778903580000,2026-05-16T03:53:00Z,1788-1-1-HN,0,0,0,0,
1778903640000,2026-05-16T03:54:00Z,1788-1-1-HN,0,0,0,0,
1778903700000,2026-05-16T03:55:00Z,1788-1-1-HN,0,0,0,0,
1778903760000,2026-05-16T03:56:00Z,1788-1-1-HN,0,0,0,0,
1778903820000,2026-05-16T03:57:00Z,1788-1-1-HN,0,0,0,0,
1778903880000,2026-05-16T03:58:00Z,1788-1-1-HN,0,0,0,0,
1778903940000,2026-05-16T03:59:00Z,1788-1-1-HN,0,0,0,0,
1778904000000,2026-05-16T04:00:00Z,1788-1-1-HN,0,0,0,0,
1778904060000,2026-05-16T04:01:00Z,1788-1-1-HN,0,0,0,0,
1778904120000,2026-05-16T04:02:00Z,1788-1-1-HN,0,0,0,0,
1778904180000,2026-05-16T04:03:00Z,1788-1-1-HN,0,0,0,0,
1778904240000,2026-05-16T04:04:00Z,1788-1-1-HN,0,0,0,0,
1778904300000,2026-05-16T04:05:00Z,1788-1-1-HN,809,1794,2177,2934,
1778904360000,2026-05-16T04:06:00Z,1788-1-1-HN,0,0,0,0,
1778904420000,2026-05-16T04:07:00Z,1788-1-1-HN,583,1363,865,1716,
1778904480000,2026-05-16T04:08:00Z,1788-1-1-HN,47,501,222,549,
1778904540000,2026-05-16T04:09:00Z,1788-1-1-HN,0,0,0,0,
1778904600000,2026-05-16T04:10:00Z,1788-1-1-HN,0,0,0,0,
1778904660000,2026-05-16T04:11:00Z,1788-1-1-HN,0,0,0,0,
1778904720000,2026-05-16T04:12:00Z,1788-1-1-HN,169,408,161,470,
1778904780000,2026-05-16T04:13:00Z,1788-1-1-HN,8,153,0,153,
1778904840000,2026-05-16T04:14:00Z,1788-1-1-HN,17,146,7,147,
1778904900000,2026-05-16T04:15:00Z,1788-1-1-HN,0,0,0,0,
1778904960000,2026-05-16T04:16:00Z,1788-1-1-HN,0,0,0,0,
1778905020000,2026-05-16T04:17:00Z,1788-1-1-HN,405,992,440,1158,
1778905080000,2026-05-16T04:18:00Z,1788-1-1-HN,17,53,0,55,
1778905140000,2026-05-16T04:19:00Z,1788-1-1-HN,239,334,584,713,
1778905200000,2026-05-16T04:20:00Z,1788-1-1-HN,154,288,581,666,
1778905260000,2026-05-16T04:21:00Z,1788-1-1-HN,187,360,357,540,
1778905320000,2026-05-16T04:22:00Z,1788-1-1-HN,0,0,0,0,
1778905380000,2026-05-16T04:23:00Z,1788-1-1-HN,0,0,0,0,
1778905440000,2026-05-16T04:24:00Z,1788-1-1-HN,0,0,0,0,
1778905500000,2026-05-16T04:25:00Z,1788-1-1-HN,0,189,285,341,
1778905560000,2026-05-16T04:26:00Z,1788-1-1-HN,270,513,605,837,
1778905620000,2026-05-16T04:27:00Z,1788-1-1-HN,0,0,0,0,
1778905680000,2026-05-16T04:28:00Z,1788-1-1-HN,437,763,779,1174,
1778905740000,2026-05-16T04:29:00Z,1788-1-1-HN,0,2,0,2,
1778905800000,2026-05-16T04:30:00Z,1788-1-1-HN,0,27,0,27,
1778905860000,2026-05-16T04:31:00Z,1788-1-1-HN,0,0,0,0,
1778905920000,2026-05-16T04:32:00Z,1788-1-1-HN,0,0,0,0,
1778905980000,2026-05-16T04:33:00Z,1788-1-1-HN,495,705,1148,1435,
1778906040000,2026-05-16T04:34:00Z,1788-1-1-HN,6,19,15,24,
1778906100000,2026-05-16T04:35:00Z,1788-1-1-HN,0,0,0,0,
1778906160000,2026-05-16T04:36:00Z,1788-1-1-HN,0,0,0,0,
1778906220000,2026-05-16T04:37:00Z,1788-1-1-HN,0,0,0,0,
1778906280000,2026-05-16T04:38:00Z,1788-1-1-HN,0,0,0,0,
1778906340000,2026-05-16T04:39:00Z,1788-1-1-HN,0,18,0,18,
1778906400000,2026-05-16T04:40:00Z,1788-1-1-HN,0,0,0,0,
1778906460000,2026-05-16T04:41:00Z,1788-1-1-HN,132,184,151,272,
1778906520000,2026-05-16T04:42:00Z,1788-1-1-HN,0,0,0,0,
1778906580000,2026-05-16T04:43:00Z,1788-1-1-HN,0,23,0,23,
1778906640000,2026-05-16T04:44:00Z,1788-1-1-HN,84,256,87,283,
1778906700000,2026-05-16T04:45:00Z,1788-1-1-HN,0,0,0,0,
1778906760000,2026-05-16T04:46:00Z,1788-1-1-HN,0,0,0,0,
1778906820000,2026-05-16T04:47:00Z,1788-1-1-HN,0,0,0,0,
1778906880000,2026-05-16T04:48:00Z,1788-1-1-HN,587,352,472,831,
1778906940000,2026-05-16T04:49:00Z,1788-1-1-HN,0,39,6,39,
1778907000000,2026-05-16T04:50:00Z,1788-1-1-HN,483,514,364,793,
1778907060000,2026-05-16T04:51:00Z,1788-1-1-HN,0,0,0,0,
1778907120000,2026-05-16T04:52:00Z,1788-1-1-HN,0,0,0,0,
1778907180000,2026-05-16T04:53:00Z,1788-1-1-HN,0,0,0,0,
1778907240000,2026-05-16T04:54:00Z,1788-1-1-HN,0,0,0,0,
1778907300000,2026-05-16T04:55:00Z,1788-1-1-HN,142,430,96,462,
1778907360000,2026-05-16T04:56:00Z,1788-1-1-HN,0,0,0,0,
1778907420000,2026-05-16T04:57:00Z,1788-1-1-HN,0,0,0,0,
1778907480000,2026-05-16T04:58:00Z,1788-1-1-HN,0,0,0,0,
1778907540000,2026-05-16T04:59:00Z,1788-1-1-HN,0,0,0,0,
1778907600000,2026-05-16T05:00:00Z,1788-1-1-HN,93,235,8,252,
1778907660000,2026-05-16T05:01:00Z,1788-1-1-HN,0,63,28,68,
1778907720000,2026-05-16T05:02:00Z,1788-1-1-HN,418,691,202,832,
1778907780000,2026-05-16T05:03:00Z,1788-1-1-HN,592,559,630,1029,
1778907840000,2026-05-16T05:04:00Z,1788-1-1-HN,0,0,0,0,
1778907900000,2026-05-16T05:05:00Z,1788-1-1-HN,0,0,0,0,
1778907960000,2026-05-16T05:06:00Z,1788-1-1-HN,97,283,84,310,
1778908020000,2026-05-16T05:07:00Z,1788-1-1-HN,0,0,0,0,
1778908080000,2026-05-16T05:08:00Z,1788-1-1-HN,0,0,0,0,
1778908140000,2026-05-16T05:09:00Z,1788-1-1-HN,0,0,0,0,
1778908200000,2026-05-16T05:10:00Z,1788-1-1-HN,330,671,279,798,
1778908260000,2026-05-16T05:11:00Z,1788-1-1-HN,0,0,0,0,
1778908320000,2026-05-16T05:12:00Z,1788-1-1-HN,0,0,0,0,
1778908380000,2026-05-16T05:13:00Z,1788-1-1-HN,0,0,0,0,
1778908440000,2026-05-16T05:14:00Z,1788-1-1-HN,313,806,244,898,
1778908500000,2026-05-16T05:15:00Z,1788-1-1-HN,0,13,0,13,
1778908560000,2026-05-16T05:16:00Z,1788-1-1-HN,0,0,0,0,
1778908620000,2026-05-16T05:17:00Z,1788-1-1-HN,0,0,0,0,
1778908680000,2026-05-16T05:18:00Z,1788-1-1-HN,0,0,0,0,
1778908740000,2026-05-16T05:19:00Z,1788-1-1-HN,22,169,22,171,
1778908800000,2026-05-16T05:20:00Z,1788-1-1-HN,0,0,0,0,
1778908860000,2026-05-16T05:21:00Z,1788-1-1-HN,0,0,0,0,
1778908920000,2026-05-16T05:22:00Z,1788-1-1-HN,0,0,0,0,
1778908980000,2026-05-16T05:23:00Z,1788-1-1-HN,162,242,139,322,
1778909040000,2026-05-16T05:24:00Z,1788-1-1-HN,76,135,25,156,
1778909100000,2026-05-16T05:25:00Z,1788-1-1-HN,381,344,778,932,
1778909160000,2026-05-16T05:26:00Z,1788-1-1-HN,0,0,0,0,
1778909220000,2026-05-16T05:27:00Z,1788-1-1-HN,0,0,0,0,
1778909280000,2026-05-16T05:28:00Z,1788-1-1-HN,0,0,0,0,
1778909340000,2026-05-16T05:29:00Z,1788-1-1-HN,0,0,0,0,
1778909400000,2026-05-16T05:30:00Z,1788-1-1-HN,0,0,0,0,
1778909460000,2026-05-16T05:31:00Z,1788-1-1-HN,0,0,0,0,
1778909520000,2026-05-16T05:32:00Z,1788-1-1-HN,0,0,0,0,
1778909580000,2026-05-16T05:33:00Z,1788-1-1-HN,0,0,0,0,
1778909640000,2026-05-16T05:34:00Z,1788-1-1-HN,0,0,0,0,
1778909700000,2026-05-16T05:35:00Z,1788-1-1-HN,0,0,0,0,
1778909760000,2026-05-16T05:36:00Z,1788-1-1-HN,0,0,0,0,
1778909820000,2026-05-16T05:37:00Z,1788-1-1-HN,16,55,21,61,
1778909880000,2026-05-16T05:38:00Z,1788-1-1-HN,0,0,0,0,
1778909940000,2026-05-16T05:39:00Z,1788-1-1-HN,0,0,0,0,
1778910000000,2026-05-16T05:40:00Z,1788-1-1-HN,0,23,57,61,
1778910060000,2026-05-16T05:41:00Z,1788-1-1-HN,0,0,0,0,
1778910120000,2026-05-16T05:42:00Z,1788-1-1-HN,0,0,0,0,
1778910180000,2026-05-16T05:43:00Z,1788-1-1-HN,0,0,0,0,
1778910240000,2026-05-16T05:44:00Z,1788-1-1-HN,0,0,0,0,
1778910300000,2026-05-16T05:45:00Z,1788-1-1-HN,0,0,0,0,
1778910360000,2026-05-16T05:46:00Z,1788-1-1-HN,0,0,0,0,
1778910420000,2026-05-16T05:47:00Z,1788-1-1-HN,0,0,0,0,
1778910480000,2026-05-16T05:48:00Z,1788-1-1-HN,0,0,0,0,
1778910540000,2026-05-16T05:49:00Z,1788-1-1-HN,0,0,0,0,
1778910600000,2026-05-16T05:50:00Z,1788-1-1-HN,0,0,0,0,
1778910660000,2026-05-16T05:51:00Z,1788-1-1-HN,0,0,0,0,
1778910720000,2026-05-16T05:52:00Z,1788-1-1-HN,0,0,0,0,
1778910780000,2026-05-16T05:53:00Z,1788-1-1-HN,0,0,0,0,
1778910840000,2026-05-16T05:54:00Z,1788-1-1-HN,0,0,0,0,
1778910900000,2026-05-16T05:55:00Z,1788-1-1-HN,0,0,0,0,
1778910960000,2026-05-16T05:56:00Z,1788-1-1-HN,0,0,0,0,
1778911020000,2026-05-16T05:57:00Z,1788-1-1-HN,0,0,0,0,
1778911080000,2026-05-16T05:58:00Z,1788-1-1-HN,0,0,0,0,
1778911140000,2026-05-16T05:59:00Z,1788-1-1-HN,396,714,566,993,
1778911200000,2026-05-16T06:00:00Z,1788-1-1-HN,750,825,527,1233,
1778911260000,2026-05-16T06:01:00Z,1788-1-1-HN,0,0,0,0,
1778911320000,2026-05-16T06:02:00Z,1788-1-1-HN,0,0,0,0,
1778911380000,2026-05-16T06:03:00Z,1788-1-1-HN,0,0,0,0,
1778911440000,2026-05-16T06:04:00Z,1788-1-1-HN,0,0,0,0,
1778911500000,2026-05-16T06:05:00Z,1788-1-1-HN,323,983,889,1364,
1778911560000,2026-05-16T06:06:00Z,1788-1-1-HN,0,0,0,0,
1778911620000,2026-05-16T06:07:00Z,1788-1-1-HN,0,21,7,22,
1778911680000,2026-05-16T06:08:00Z,1788-1-1-HN,0,0,0,0,
1778911740000,2026-05-16T06:09:00Z,1788-1-1-HN,0,44,0,44,
1778911800000,2026-05-16T06:10:00Z,1788-1-1-HN,0,0,0,0,
1778911860000,2026-05-16T06:11:00Z,1788-1-1-HN,0,0,0,0,
1778911920000,2026-05-16T06:12:00Z,1788-1-1-HN,0,0,0,0,
1778911980000,2026-05-16T06:13:00Z,1788-1-1-HN,0,43,0,43,
1778912040000,2026-05-16T06:14:00Z,1788-1-1-HN,0,84,9,84,
1778912100000,2026-05-16T06:15:00Z,1788-1-1-HN,0,0,0,0,
1778912160000,2026-05-16T06:16:00Z,1788-1-1-HN,0,0,0,0,
1778912220000,2026-05-16T06:17:00Z,1788-1-1-HN,380,648,666,1003,
1778912280000,2026-05-16T06:18:00Z,1788-1-1-HN,0,14,0,14,
1778912340000,2026-05-16T06:19:00Z,1788-1-1-HN,0,0,0,0,
1778912400000,2026-05-16T06:20:00Z,1788-1-1-HN,0,0,0,0,
1778912460000,2026-05-16T06:21:00Z,1788-1-1-HN,0,0,0,0,
1778912520000,2026-05-16T06:22:00Z,1788-1-1-HN,0,0,0,0,
1778912580000,2026-05-16T06:23:00Z,1788-1-1-HN,0,0,0,0,
1778912640000,2026-05-16T06:24:00Z,1788-1-1-HN,0,0,0,0,
1778912700000,2026-05-16T06:25:00Z,1788-1-1-HN,0,11,2,11,
1778912760000,2026-05-16T06:26:00Z,1788-1-1-HN,0,0,0,0,
1778912820000,2026-05-16T06:27:00Z,1788-1-1-HN,0,0,0,0,
1778912880000,2026-05-16T06:28:00Z,1788-1-1-HN,0,0,0,0,
1778912940000,2026-05-16T06:29:00Z,1788-1-1-HN,0,0,0,0,
1778913000000,2026-05-16T06:30:00Z,1788-1-1-HN,0,0,0,0,
1778913060000,2026-05-16T06:31:00Z,1788-1-1-HN,0,0,0,0,
1778913120000,2026-05-16T06:32:00Z,1788-1-1-HN,0,0,0,0,
1778913180000,2026-05-16T06:33:00Z,1788-1-1-HN,0,0,0,0,
1778913240000,2026-05-16T06:34:00Z,1788-1-1-HN,0,0,0,0,
1778913300000,2026-05-16T06:35:00Z,1788-1-1-HN,0,0,0,0,
1778913360000,2026-05-16T06:36:00Z,1788-1-1-HN,0,0,0,0,
1778913420000,2026-05-16T06:37:00Z,1788-1-1-HN,0,0,0,0,
1778913480000,2026-05-16T06:38:00Z,1788-1-1-HN,0,0,0,0,
1778913540000,2026-05-16T06:39:00Z,1788-1-1-HN,0,0,0,0,
1778913600000,2026-05-16T06:40:00Z,1788-1-1-HN,0,0,0,0,
1778913660000,2026-05-16T06:41:00Z,1788-1-1-HN,0,0,0,0,
1778913720000,2026-05-16T06:42:00Z,1788-1-1-HN,1470,2840,1412,3495,
1778913780000,2026-05-16T06:43:00Z,1788-1-1-HN,202,398,433,621,
1778913840000,2026-05-16T06:44:00Z,1788-1-1-HN,335,418,611,812,
1778913900000,2026-05-16T06:45:00Z,1788-1-1-HN,0,148,30,151,
1778913960000,2026-05-16T06:46:00Z,1788-1-1-HN,0,14,4,14,
1778914020000,2026-05-16T06:47:00Z,1788-1-1-HN,0,0,0,0,
1778914080000,2026-05-16T06:48:00Z,1788-1-1-HN,0,0,0,0,
1778914140000,2026-05-16T06:49:00Z,1788-1-1-HN,0,0,0,0,
1778914200000,2026-05-16T06:50:00Z,1788-1-1-HN,7,167,11,167,
1778914260000,2026-05-16T06:51:00Z,1788-1-1-HN,597,1449,1233,1994,
1778914320000,2026-05-16T06:52:00Z,1788-1-1-HN,9,52,0,52,
1778914380000,2026-05-16T06:53:00Z,1788-1-1-HN,0,0,0,0,
1778914440000,2026-05-16T06:54:00Z,1788-1-1-HN,0,0,0,0,
1778914500000,2026-05-16T06:55:00Z,1788-1-1-HN,0,10,0,10,
1778914560000,2026-05-16T06:56:00Z,1788-1-1-HN,0,0,0,0,
1778914620000,2026-05-16T06:57:00Z,1788-1-1-HN,0,14,0,14,
1778914680000,2026-05-16T06:58:00Z,1788-1-1-HN,0,11,0,11,
1778914740000,2026-05-16T06:59:00Z,1788-1-1-HN,0,4,0,4,
1778914800000,2026-05-16T07:00:00Z,1788-1-1-HN,0,0,0,0,
1778914860000,2026-05-16T07:01:00Z,1788-1-1-HN,0,0,0,0,
1778914920000,2026-05-16T07:02:00Z,1788-1-1-HN,0,0,0,0,
1778914980000,2026-05-16T07:03:00Z,1788-1-1-HN,0,93,53,107,
1778915040000,2026-05-16T07:04:00Z,1788-1-1-HN,1883,1955,2386,3613,
1778915100000,2026-05-16T07:05:00Z,1788-1-1-HN,353,267,701,829,
1778915160000,2026-05-16T07:06:00Z,1788-1-1-HN,422,852,652,1152,
1778915220000,2026-05-16T07:07:00Z,1788-1-1-HN,0,0,0,0,
1778915280000,2026-05-16T07:08:00Z,1788-1-1-HN,189,572,473,765,
1778915340000,2026-05-16T07:09:00Z,1788-1-1-HN,0,0,0,0,
1778915400000,2026-05-16T07:10:00Z,1788-1-1-HN,103,511,399,656,
1778915460000,2026-05-16T07:11:00Z,1788-1-1-HN,0,84,0,84,
1778915520000,2026-05-16T07:12:00Z,1788-1-1-HN,0,0,0,0,
1778915580000,2026-05-16T07:13:00Z,1788-1-1-HN,0,82,39,90,
1778915640000,2026-05-16T07:14:00Z,1788-1-1-HN,0,0,0,0,
1778915700000,2026-05-16T07:15:00Z,1788-1-1-HN,0,0,0,0,
1778915760000,2026-05-16T07:16:00Z,1788-1-1-HN,0,0,0,0,
1778915820000,2026-05-16T07:17:00Z,1788-1-1-HN,0,167,113,201,
1778915880000,2026-05-16T07:18:00Z,1788-1-1-HN,9,216,71,227,
1778915940000,2026-05-16T07:19:00Z,1788-1-1-HN,0,4,0,4,
1778916000000,2026-05-16T07:20:00Z,1788-1-1-HN,5,126,18,127,
1778916060000,2026-05-16T07:21:00Z,1788-1-1-HN,0,353,119,372,
1778916120000,2026-05-16T07:22:00Z,1788-1-1-HN,,,,,device_not_recording
1778916180000,2026-05-16T07:23:00Z,1788-1-1-HN,,,,,device_not_recording
1778916240000,2026-05-16T07:24:00Z,1788-1-1-HN,,,,,device_not_recording
1778916300000,2026-05-16T07:25:00Z,1788-1-1-HN,,,,,device_not_recording
1778916360000,2026-05-16T07:26:00Z,1788-1-1-HN,,,,,device_not_recording
1778916420000,2026-05-16T07:27:00Z,1788-1-1-HN,4,38,60,71,
1778916480000,2026-05-16T07:28:00Z,1788-1-1-HN,3468,5045,4873,7824,
1778916540000,2026-05-16T07:29:00Z,1788-1-1-HN,3065,4123,5228,7329,
1778916600000,2026-05-16T07:30:00Z,1788-1-1-HN,1191,3442,4629,5890,
1778916660000,2026-05-16T07:31:00Z,1788-1-1-HN,3026,4361,4490,6952,
1778916720000,2026-05-16T07:32:00Z,1788-1-1-HN,3285,2601,2389,4823,
1778916780000,2026-05-16T07:33:00Z,1788-1-1-HN,433,539,633,937,
1778916840000,2026-05-16T07:34:00Z,1788-1-1-HN,260,1204,881,1514,
1778916900000,2026-05-16T07:35:00Z,1788-1-1-HN,112,178,314,377,
1778916960000,2026-05-16T07:36:00Z,1788-1-1-HN,0,0,33,33,
1778917020000,2026-05-16T07:37:00Z,1788-1-1-HN,233,424,674,829,
1778917080000,2026-05-16T07:38:00Z,1788-1-1-HN,0,71,504,508,
1778917140000,2026-05-16T07:39:00Z,1788-1-1-HN,0,0,17,17,
1778917200000,2026-05-16T07:40:00Z,1788-1-1-HN,379,1717,1407,2251,
1778917260000,2026-05-16T07:41:00Z,1788-1-1-HN,321,609,584,902,
1778917320000,2026-05-16T07:42:00Z,1788-1-1-HN,134,529,543,769,
1778917380000,2026-05-16T07:43:00Z,1788-1-1-HN,41,49,439,443,
1778917440000,2026-05-16T07:44:00Z,1788-1-1-HN,19,21,339,340,
1778917500000,2026-05-16T07:45:00Z,1788-1-1-HN,4,1,107,107,
1778917560000,2026-05-16T07:46:00Z,1788-1-1-HN,2111,1408,2431,3514,
1778917620000,2026-05-16T07:47:00Z,1788-1-1-HN,66,12,55,86,
1778917680000,2026-05-16T07:48:00Z,1788-1-1-HN,411,594,466,859,
1778917740000,2026-05-16T07:49:00Z,1788-1-1-HN,469,405,443,761,
1778917800000,2026-05-16T07:50:00Z,1788-1-1-HN,0,2,196,196,
1778917860000,2026-05-16T07:51:00Z,1788-1-1-HN,5199,4519,4583,8273,
1778917920000,2026-05-16T07:52:00Z,1788-1-1-HN,3847,4252,5022,7622,
1778917980000,2026-05-16T07:53:00Z,1788-1-1-HN,1753,1836,2309,3431,
1778918040000,2026-05-16T07:54:00Z,1788-1-1-HN,5857,5084,5003,9229,
1778918100000,2026-05-16T07:55:00Z,1788-1-1-HN,6946,7358,6911,12253,
1778918160000,2026-05-16T07:56:00Z,1788-1-1-HN,5653,4862,5577,9311,
1778918220000,2026-05-16T07:57:00Z,1788-1-1-HN,5996,4906,6370,10029,
1778918280000,2026-05-16T07:58:00Z,1788-1-1-HN,4435,4799,5124,8303,
1778918340000,2026-05-16T07:59:00Z,1788-1-1-HN,5219,5634,4982,9154,
1778918400000,2026-05-16T08:00:00Z,1788-1-1-HN,2838,4621,4111,6805,
1778918460000,2026-05-16T08:01:00Z,1788-1-1-HN,2143,2791,2154,4125,
1778918520000,2026-05-16T08:02:00Z,1788-1-1-HN,1204,1710,1320,2473,
1778918580000,2026-05-16T08:03:00Z,1788-1-1-HN,309,1240,1189,1745,
1778918640000,2026-05-16T08:04:00Z,1788-1-1-HN,222,234,1500,1534,
1778918700000,2026-05-16T08:05:00Z,1788-1-1-HN,12,40,260,263,
1778918760000,2026-05-16T08:06:00Z,1788-1-1-HN,580,1352,1302,1964,
1778918820000,2026-05-16T08:07:00Z,1788-1-1-HN,333,633,211,745,
1778918880000,2026-05-16T08:08:00Z,1788-1-1-HN,4121,5532,4745,8372,
1778918940000,2026-05-16T08:09:00Z,1788-1-1-HN,5742,4916,4328,8710,
1778919000000,2026-05-16T08:10:00Z,1788-1-1-HN,4343,3545,4563,7228,
1778919060000,2026-05-16T08:11:00Z,1788-1-1-HN,5712,4951,4895,9005,
1778919120000,2026-05-16T08:12:00Z,1788-1-1-HN,2784,2705,2630,4688,
1778919180000,2026-05-16T08:13:00Z,1788-1-1-HN,59,175,36,188,
1778919240000,2026-05-16T08:14:00Z,1788-1-1-HN,415,967,680,1252,
1778919300000,2026-05-16T08:15:00Z,1788-1-1-HN,1609,2896,4215,5361,
1778919360000,2026-05-16T08:16:00Z,1788-1-1-HN,531,845,346,1056,
1778919420000,2026-05-16T08:17:00Z,1788-1-1-HN,10,350,7,350,
1778919480000,2026-05-16T08:18:00Z,1788-1-1-HN,607,405,342,805,
1778919540000,2026-05-16T08:19:00Z,1788-1-1-HN,817,809,238,1174,
1778919600000,2026-05-16T08:20:00Z,1788-1-1-HN,131,328,52,357,
1778919660000,2026-05-16T08:21:00Z,1788-1-1-HN,2396,2930,1912,4240,
1778919720000,2026-05-16T08:22:00Z,1788-1-1-HN,546,1315,657,1568,
1778919780000,2026-05-16T08:23:00Z,1788-1-1-HN,265,293,197,441,
1778919840000,2026-05-16T08:24:00Z,1788-1-1-HN,63,93,87,142,
1778919900000,2026-05-16T08:25:00Z,1788-1-1-HN,426,168,173,489,
1778919960000,2026-05-16T08:26:00Z,1788-1-1-HN,1320,1416,1011,2183,
1778920020000,2026-05-16T08:27:00Z,1788-1-1-HN,283,580,164,665,
1778920080000,2026-05-16T08:28:00Z,1788-1-1-HN,229,97,101,268,
1778920140000,2026-05-16T08:29:00Z,1788-1-1-HN,0,0,0,0,
1778920200000,2026-05-16T08:30:00Z,1788-1-1-HN,1376,1083,728,1896,
1778920260000,2026-05-16T08:31:00Z,1788-1-1-HN,650,579,425,968,
1778920320000,2026-05-16T08:32:00Z,1788-1-1-HN,51,243,84,262,
1778920380000,2026-05-16T08:33:00Z,1788-1-1-HN,378,705,310,857,
1778920440000,2026-05-16T08:34:00Z,1788-1-1-HN,258,339,136,447,
1778920500000,2026-05-16T08:35:00Z,1788-1-1-HN,1004,621,642,1343,
1778920560000,2026-05-16T08:36:00Z,1788-1-1-HN,1002,515,736,1345,
1778920620000,2026-05-16T08:37:00Z,1788-1-1-HN,0,247,67,255,
1778920680000,2026-05-16T08:38:00Z,1788-1-1-HN,407,702,319,871,
1778920740000,2026-05-16T08:39:00Z,1788-1-1-HN,954,782,874,1511,
1778920800000,2026-05-16T08:40:00Z,1788-1-1-HN,25,0,0,25,
1778920860000,2026-05-16T08:41:00Z,1788-1-1-HN,0,0,0,0,
1778920920000,2026-05-16T08:42:00Z,1788-1-1-HN,0,0,8,8,
1778920980000,2026-05-16T08:43:00Z,1788-1-1-HN,0,0,0,0,
1778921040000,2026-05-16T08:44:00Z,1788-1-1-HN,0,0,0,0,
1778921100000,2026-05-16T08:45:00Z,1788-1-1-HN,495,551,441,862,
1778921160000,2026-05-16T08:46:00Z,1788-1-1-HN,770,1170,534,1498,
1778921220000,2026-05-16T08:47:00Z,1788-1-1-HN,785,1162,632,1538,
1778921280000,2026-05-16T08:48:00Z,1788-1-1-HN,1462,1218,801,2064,
1778921340000,2026-05-16T08:49:00Z,1788-1-1-HN,1734,1484,1331,2642,
1778921400000,2026-05-16T08:50:00Z,1788-1-1-HN,923,1150,800,1677,
1778921460000,2026-05-16T08:51:00Z,1788-1-1-HN,1294,1601,979,2279,
1778921520000,2026-05-16T08:52:00Z,1788-1-1-HN,1610,1674,809,2459,
1778921580000,2026-05-16T08:53:00Z,1788-1-1-HN,732,1292,866,1719,
1778921640000,2026-05-16T08:54:00Z,1788-1-1-HN,1382,1879,1197,2621,
1778921700000,2026-05-16T08:55:00Z,1788-1-1-HN,119,2376,433,2418,
1778921760000,2026-05-16T08:56:00Z,1788-1-1-HN,1041,1865,1031,2371,
1778921820000,2026-05-16T08:57:00Z,1788-1-1-HN,585,970,508,1241,
1778921880000,2026-05-16T08:58:00Z,1788-1-1-HN,316,1186,392,1288,
1778921940000,2026-05-16T08:59:00Z,1788-1-1-HN,908,1183,790,1687,
1778922000000,2026-05-16T09:00:00Z,1788-1-1-HN,31,1351,311,1386,
1778922060000,2026-05-16T09:01:00Z,1788-1-1-HN,64,752,93,760,
1778922120000,2026-05-16T09:02:00Z,1788-1-1-HN,15,517,154,539,
1778922180000,2026-05-16T09:03:00Z,1788-1-1-HN,30,565,153,586,
1778922240000,2026-05-16T09:04:00Z,1788-1-1-HN,8,278,85,290,
1778922300000,2026-05-16T09:05:00Z,1788-1-1-HN,19,696,144,710,
1778922360000,2026-05-16T09:06:00Z,1788-1-1-HN,395,499,278,694,
1778922420000,2026-05-16T09:07:00Z,1788-1-1-HN,762,1096,517,1431,
1778922480000,2026-05-16T09:08:00Z,1788-1-1-HN,844,930,513,1356,
1778922540000,2026-05-16T09:09:00Z,1788-1-1-HN,193,538,285,638,
1778922600000,2026-05-16T09:10:00Z,1788-1-1-HN,980,2063,1030,2505,
1778922660000,2026-05-16T09:11:00Z,1788-1-1-HN,337,951,551,1149,
1778922720000,2026-05-16T09:12:00Z,1788-1-1-HN,1963,2980,2317,4254,
1778922780000,2026-05-16T09:13:00Z,1788-1-1-HN,1661,1838,1070,2698,
1778922840000,2026-05-16T09:14:00Z,1788-1-1-HN,1371,1945,746,2493,
1778922900000,2026-05-16T09:15:00Z,1788-1-1-HN,638,594,658,1092,
1778922960000,2026-05-16T09:16:00Z,1788-1-1-HN,2564,3006,2007,4431,
1778923020000,2026-05-16T09:17:00Z,1788-1-1-HN,1176,1320,2205,2826,
1778923080000,2026-05-16T09:18:00Z,1788-1-1-HN,931,1794,959,2237,
1778923140000,2026-05-16T09:19:00Z,1788-1-1-HN,902,2406,979,2749,
1778923200000,2026-05-16T09:20:00Z,1788-1-1-HN,165,2432,651,2523,
1778923260000,2026-05-16T09:21:00Z,1788-1-1-HN,1060,820,668,1497,
1778923320000,2026-05-16T09:22:00Z,1788-1-1-HN,0,369,63,374,
1778923380000,2026-05-16T09:23:00Z,1788-1-1-HN,1658,1622,1001,2526,
1778923440000,2026-05-16T09:24:00Z,1788-1-1-HN,252,554,159,629,
1778923500000,2026-05-16T09:25:00Z,1788-1-1-HN,160,1407,544,1516,
1778923560000,2026-05-16T09:26:00Z,1788-1-1-HN,950,2063,992,2478,
1778923620000,2026-05-16T09:27:00Z,1788-1-1-HN,1398,1582,1089,2375,
1778923680000,2026-05-16T09:28:00Z,1788-1-1-HN,455,239,401,651,
1778923740000,2026-05-16T09:29:00Z,1788-1-1-HN,703,491,761,1146,
1778923800000,2026-05-16T09:30:00Z,1788-1-1-HN,1993,1166,1088,2552,
1778923860000,2026-05-16T09:31:00Z,1788-1-1-HN,46,1095,435,1179,
1778923920000,2026-05-16T09:32:00Z,1788-1-1-HN,5,660,331,738,
1778923980000,2026-05-16T09:33:00Z,1788-1-1-HN,1536,1728,1753,2901,
1778924040000,2026-05-16T09:34:00Z,1788-1-1-HN,1092,2176,1331,2774,
1778924100000,2026-05-16T09:35:00Z,1788-1-1-HN,1184,1211,926,1930,
1778924160000,2026-05-16T09:36:00Z,1788-1-1-HN,1612,2213,1624,3183,
1778924220000,2026-05-16T09:37:00Z,1788-1-1-HN,1201,1676,1474,2534,
1778924280000,2026-05-16T09:38:00Z,1788-1-1-HN,1036,1797,1204,2398,
1778924340000,2026-05-16T09:39:00Z,1788-1-1-HN,721,1189,611,1518,
1778924400000,2026-05-16T09:40:00Z,1788-1-1-HN,777,1583,1553,2349,
1778924460000,2026-05-16T09:41:00Z,1788-1-1-HN,641,1145,701,1487,
1778924520000,2026-05-16T09:42:00Z,1788-1-1-HN,632,1517,576,1741,
1778924580000,2026-05-16T09:43:00Z,1788-1-1-HN,999,999,586,1529,
1778924640000,2026-05-16T09:44:00Z,1788-1-1-HN,398,1061,911,1453,
1778924700000,2026-05-16T09:45:00Z,1788-1-1-HN,507,517,553,911,
1778924760000,2026-05-16T09:46:00Z,1788-1-1-HN,801,1593,759,1937,
1778924820000,2026-05-16T09:47:00Z,1788-1-1-HN,767,716,914,1391,
1778924880000,2026-05-16T09:48:00Z,1788-1-1-HN,902,884,724,1455,
1778924940000,2026-05-16T09:49:00Z,1788-1-1-HN,1853,1821,1906,3222,
1778925000000,2026-05-16T09:50:00Z,1788-1-1-HN,655,1290,838,1671,
1778925060000,2026-05-16T09:51:00Z,1788-1-1-HN,683,481,381,918,
1778925120000,2026-05-16T09:52:00Z,1788-1-1-HN,739,694,677,1219,
1778925180000,2026-05-16T09:53:00Z,1788-1-1-HN,381,692,687,1046,
1778925240000,2026-05-16T09:54:00Z,1788-1-1-HN,1152,955,756,1676,
1778925300000,2026-05-16T09:55:00Z,1788-1-1-HN,1437,1644,1428,2609,
1778925360000,2026-05-16T09:56:00Z,1788-1-1-HN,720,548,524,1045,
1778925420000,2026-05-16T09:57:00Z,1788-1-1-HN,292,1231,974,1596,
1778925480000,2026-05-16T09:58:00Z,1788-1-1-HN,233,452,704,868,
1778925540000,2026-05-16T09:59:00Z,1788-1-1-HN,1022,839,833,1562,
1778925600000,2026-05-16T10:00:00Z,1788-1-1-HN,622,723,690,1177,
1778925660000,2026-05-16T10:01:00Z,1788-1-1-HN,449,1772,660,1943,
1778925720000,2026-05-16T10:02:00Z,1788-1-1-HN,1683,2118,1357,3026,
1778925780000,2026-05-16T10:03:00Z,1788-1-1-HN,853,1173,1038,1783,
1778925840000,2026-05-16T10:04:00Z,1788-1-1-HN,0,24,20,31,
1778925900000,2026-05-16T10:05:00Z,1788-1-1-HN,217,705,372,826,
1778925960000,2026-05-16T10:06:00Z,1788-1-1-HN,1056,1659,1215,2311,
1778926020000,2026-05-16T10:07:00Z,1788-1-1-HN,272,912,641,1147,
1778926080000,2026-05-16T10:08:00Z,1788-1-1-HN,,,,,device_not_recording
1778926140000,2026-05-16T10:09:00Z,1788-1-1-HN,890,1368,874,1851,
1778926200000,2026-05-16T10:10:00Z,1788-1-1-HN,1421,930,1082,2013,
1778926260000,2026-05-16T10:11:00Z,1788-1-1-HN,856,751,464,1229,
1778926320000,2026-05-16T10:12:00Z,1788-1-1-HN,1111,882,850,1653,
1778926380000,2026-05-16T10:13:00Z,1788-1-1-HN,1971,2180,1420,3263,
1778926440000,2026-05-16T10:14:00Z,1788-1-1-HN,1020,472,752,1352,
1778926500000,2026-05-16T10:15:00Z,1788-1-1-HN,508,1108,511,1321,
1778926560000,2026-05-16T10:16:00Z,1788-1-1-HN,1604,1593,1135,2529,
1778926620000,2026-05-16T10:17:00Z,1788-1-1-HN,978,996,1147,1806,
1778926680000,2026-05-16T10:18:00Z,1788-1-1-HN,895,402,979,1386,
1778926740000,2026-05-16T10:19:00Z,1788-1-1-HN,786,547,630,1146,
1778926800000,2026-05-16T10:20:00Z,1788-1-1-HN,2087,1559,623,2678,
1778926860000,2026-05-16T10:21:00Z,1788-1-1-HN,2993,2406,857,3934,
1778926920000,2026-05-16T10:22:00Z,1788-1-1-HN,7227,5252,2336,9234,
1778926980000,2026-05-16T10:23:00Z,1788-1-1-HN,4397,3515,1393,5799,
1778927040000,2026-05-16T10:24:00Z,1788-1-1-HN,1063,2044,1119,2561,
1778927100000,2026-05-16T10:25:00Z,1788-1-1-HN,1405,1811,764,2416,
1778927160000,2026-05-16T10:26:00Z,1788-1-1-HN,708,1519,1231,2079,
1778927220000,2026-05-16T10:27:00Z,1788-1-1-HN,1138,846,1100,1794,
1778927280000,2026-05-16T10:28:00Z,1788-1-1-HN,868,1110,1479,2042,
1778927340000,2026-05-16T10:29:00Z,1788-1-1-HN,942,865,585,1406,
1778927400000,2026-05-16T10:30:00Z,1788-1-1-HN,3242,3511,3695,6040,
1778927460000,2026-05-16T10:31:00Z,1788-1-1-HN,2261,2302,1781,3685,
1778927520000,2026-05-16T10:32:00Z,1788-1-1-HN,1479,1030,767,1958,
1778927580000,2026-05-16T10:33:00Z,1788-1-1-HN,1425,2031,1487,2892,
1778927640000,2026-05-16T10:34:00Z,1788-1-1-HN,1695,2537,1153,3261,
1778927700000,2026-05-16T10:35:00Z,1788-1-1-HN,533,547,875,1161,
1778927760000,2026-05-16T10:36:00Z,1788-1-1-HN,1213,1468,1341,2329,
1778927820000,2026-05-16T10:37:00Z,1788-1-1-HN,444,417,439,750,
1778927880000,2026-05-16T10:38:00Z,1788-1-1-HN,257,368,302,540,
1778927940000,2026-05-16T10:39:00Z,1788-1-1-HN,248,171,171,346,
1778928000000,2026-05-16T10:40:00Z,1788-1-1-HN,626,736,582,1127,
1778928060000,2026-05-16T10:41:00Z,1788-1-1-HN,29,414,199,460,
1778928120000,2026-05-16T10:42:00Z,1788-1-1-HN,1,318,124,341,
1778928180000,2026-05-16T10:43:00Z,1788-1-1-HN,10,290,23,291,
1778928240000,2026-05-16T10:44:00Z,1788-1-1-HN,0,107,28,110,
1778928300000,2026-05-16T10:45:00Z,1788-1-1-HN,0,0,0,0,
1778928360000,2026-05-16T10:46:00Z,1788-1-1-HN,1077,1095,1407,2082,
1778928420000,2026-05-16T10:47:00Z,1788-1-1-HN,644,459,1164,1407,
1778928480000,2026-05-16T10:48:00Z,1788-1-1-HN,199,230,984,1029,
1778928540000,2026-05-16T10:49:00Z,1788-1-1-HN,444,392,749,954,
1778928600000,2026-05-16T10:50:00Z,1788-1-1-HN,385,721,353,890,
1778928660000,2026-05-16T10:51:00Z,1788-1-1-HN,465,572,329,807,
1778928720000,2026-05-16T10:52:00Z,1788-1-1-HN,626,879,1046,1502,
1778928780000,2026-05-16T10:53:00Z,1788-1-1-HN,153,253,472,556,
1778928840000,2026-05-16T10:54:00Z,1788-1-1-HN,403,603,748,1041,
1778928900000,2026-05-16T10:55:00Z,1788-1-1-HN,539,250,487,768,
1778928960000,2026-05-16T10:56:00Z,1788-1-1-HN,338,197,394,555,
1778929020000,2026-05-16T10:57:00Z,1788-1-1-HN,369,164,331,522,
1778929080000,2026-05-16T10:58:00Z,1788-1-1-HN,15,553,587,806,
1778929140000,2026-05-16T10:59:00Z,1788-1-1-HN,402,765,634,1071,
1778929200000,2026-05-16T11:00:00Z,1788-1-1-HN,232,51,120,266,
1778929260000,2026-05-16T11:01:00Z,1788-1-1-HN,257,290,585,701,
1778929320000,2026-05-16T11:02:00Z,1788-1-1-HN,0,3,0,3,
1778929380000,2026-05-16T11:03:00Z,1788-1-1-HN,245,130,778,825,
1778929440000,2026-05-16T11:04:00Z,1788-1-1-HN,395,723,1364,1593,
1778929500000,2026-05-16T11:05:00Z,1788-1-1-HN,377,691,362,866,
1778929560000,2026-05-16T11:06:00Z,1788-1-1-HN,704,1596,653,1862,
1778929620000,2026-05-16T11:07:00Z,1788-1-1-HN,3,255,0,255,
1778929680000,2026-05-16T11:08:00Z,1788-1-1-HN,411,833,577,1093,
1778929740000,2026-05-16T11:09:00Z,1788-1-1-HN,266,274,192,427,
1778929800000,2026-05-16T11:10:00Z,1788-1-1-HN,804,838,449,1245,
1778929860000,2026-05-16T11:11:00Z,1788-1-1-HN,215,330,106,407,
1778929920000,2026-05-16T11:12:00Z,1788-1-1-HN,1160,1002,838,1746,
1778929980000,2026-05-16T11:13:00Z,1788-1-1-HN,351,822,196,915,
1778930040000,2026-05-16T11:14:00Z,1788-1-1-HN,0,133,0,133,
1778930100000,2026-05-16T11:15:00Z,1788-1-1-HN,282,377,362,593,
1778930160000,2026-05-16T11:16:00Z,1788-1-1-HN,1416,1205,970,2097,
1778930220000,2026-05-16T11:17:00Z,1788-1-1-HN,448,567,341,799,
1778930280000,2026-05-16T11:18:00Z,1788-1-1-HN,401,486,560,842,
1778930340000,2026-05-16T11:19:00Z,1788-1-1-HN,824,1239,1142,1875,
1778930400000,2026-05-16T11:20:00Z,1788-1-1-HN,0,237,0,237,
1778930460000,2026-05-16T11:21:00Z,1788-1-1-HN,954,1389,997,1957,
1778930520000,2026-05-16T11:22:00Z,1788-1-1-HN,681,1209,1088,1763,
1778930580000,2026-05-16T11:23:00Z,1788-1-1-HN,685,1374,572,1638,
1778930640000,2026-05-16T11:24:00Z,1788-1-1-HN,7,415,138,437,
1778930700000,2026-05-16T11:25:00Z,1788-1-1-HN,402,1241,631,1449,
1778930760000,2026-05-16T11:26:00Z,1788-1-1-HN,904,1581,625,1925,
1778930820000,2026-05-16T11:27:00Z,1788-1-1-HN,783,1338,548,1644,
1778930880000,2026-05-16T11:28:00Z,1788-1-1-HN,,,,,device_not_recording
1778930940000,2026-05-16T11:29:00Z,1788-1-1-HN,343,1192,554,1358,
1778931000000,2026-05-16T11:30:00Z,1788-1-1-HN,1732,1951,1580,3050,
1778931060000,2026-05-16T11:31:00Z,1788-1-1-HN,570,646,2057,2230,
1778931120000,2026-05-16T11:32:00Z,1788-1-1-HN,418,1260,435,1396,
1778931180000,2026-05-16T11:33:00Z,1788-1-1-HN,0,0,0,0,
1778931240000,2026-05-16T11:34:00Z,1788-1-1-HN,192,362,409,578,
1778931300000,2026-05-16T11:35:00Z,1788-1-1-HN,79,416,355,552,
1778931360000,2026-05-16T11:36:00Z,1788-1-1-HN,36,986,574,1141,
1778931420000,2026-05-16T11:37:00Z,1788-1-1-HN,514,484,425,824,
1778931480000,2026-05-16T11:38:00Z,1788-1-1-HN,317,1658,1147,2040,
1778931540000,2026-05-16T11:39:00Z,1788-1-1-HN,46,586,521,785,
1778931600000,2026-05-16T11:40:00Z,1788-1-1-HN,248,819,161,870,
1778931660000,2026-05-16T11:41:00Z,1788-1-1-HN,258,856,354,961,
1778931720000,2026-05-16T11:42:00Z,1788-1-1-HN,982,2058,1547,2755,
1778931780000,2026-05-16T11:43:00Z,1788-1-1-HN,288,1237,874,1541,
1778931840000,2026-05-16T11:44:00Z,1788-1-1-HN,369,1970,591,2089,
1778931900000,2026-05-16T11:45:00Z,1788-1-1-HN,1004,2661,1412,3175,
1778931960000,2026-05-16T11:46:00Z,1788-1-1-HN,266,463,566,778,
1778932020000,2026-05-16T11:47:00Z,1788-1-1-HN,1564,1209,1340,2388,
1778932080000,2026-05-16T11:48:00Z,1788-1-1-HN,519,379,254,691,
1778932140000,2026-05-16T11:49:00Z,1788-1-1-HN,595,449,457,874,
1778932200000,2026-05-16T11:50:00Z,1788-1-1-HN,,,,,device_not_recording
1778932260000,2026-05-16T11:51:00Z,1788-1-1-HN,530,675,437,963,
1778932320000,2026-05-16T11:52:00Z,1788-1-1-HN,548,537,741,1066,
1778932380000,2026-05-16T11:53:00Z,1788-1-1-HN,0,0,0,0,
1778932440000,2026-05-16T11:54:00Z,1788-1-1-HN,80,398,168,439,
1778932500000,2026-05-16T11:55:00Z,1788-1-1-HN,0,0,9,9,
1778932560000,2026-05-16T11:56:00Z,1788-1-1-HN,0,4,6,7,
1778932620000,2026-05-16T11:57:00Z,1788-1-1-HN,0,11,27,29,
1778932680000,2026-05-16T11:58:00Z,1788-1-1-HN,,,,,device_not_recording
1778932740000,2026-05-16T11:59:00Z,1788-1-1-HN,,,,,device_not_recording
1778932800000,2026-05-16T12:00:00Z,1788-1-1-HN,,,,,device_not_recording
1778932860000,2026-05-16T12:01:00Z,1788-1-1-HN,,,,,device_not_recording
1778932920000,2026-05-16T12:02:00Z,1788-1-1-HN,,,,,device_not_recording
1778932980000,2026-05-16T12:03:00Z,1788-1-1-HN,,,,,device_not_recording
1778933040000,2026-05-16T12:04:00Z,1788-1-1-HN,,,,,device_not_recording
1778933100000,2026-05-16T12:05:00Z,1788-1-1-HN,,,,,device_not_recording
1778933160000,2026-05-16T12:06:00Z,1788-1-1-HN,,,,,device_not_recording
1778933220000,2026-05-16T12:07:00Z,1788-1-1-HN,,,,,device_not_recording
1778933280000,2026-05-16T12:08:00Z,1788-1-1-HN,,,,,device_not_recording
1778933340000,2026-05-16T12:09:00Z,1788-1-1-HN,,,,,device_not_recording
1778933400000,2026-05-16T12:10:00Z,1788-1-1-HN,,,,,device_not_recording
1778933460000,2026-05-16T12:11:00Z,1788-1-1-HN,,,,,device_not_recording
1778933520000,2026-05-16T12:12:00Z,1788-1-1-HN,,,,,device_not_recording
1778933580000,2026-05-16T12:13:00Z,1788-1-1-HN,,,,,device_not_recording
1778933640000,2026-05-16T12:14:00Z,1788-1-1-HN,,,,,device_not_recording
1778933700000,2026-05-16T12:15:00Z,1788-1-1-HN,,,,,device_not_recording
1778933760000,2026-05-16T12:16:00Z,1788-1-1-HN,,,,,device_not_recording
1778933820000,2026-05-16T12:17:00Z,1788-1-1-HN,,,,,device_not_recording
1778933880000,2026-05-16T12:18:00Z,1788-1-1-HN,,,,,device_not_recording
1778933940000,2026-05-16T12:19:00Z,1788-1-1-HN,,,,,device_not_recording
1778934000000,2026-05-16T12:20:00Z,1788-1-1-HN,,,,,device_not_recording
1778934060000,2026-05-16T12:21:00Z,1788-1-1-HN,,,,,device_not_recording
1778934120000,2026-05-16T12:22:00Z,1788-1-1-HN,,,,,device_not_recording
1778934180000,2026-05-16T12:23:00Z,1788-1-1-HN,,,,,device_not_recording
1778934240000,2026-05-16T12:24:00Z,1788-1-1-HN,,,,,device_not_recording
1778934300000,2026-05-16T12:25:00Z,1788-1-1-HN,,,,,device_not_recording
1778934360000,2026-05-16T12:26:00Z,1788-1-1-HN,,,,,device_not_recording
1778934420000,2026-05-16T12:27:00Z,1788-1-1-HN,,,,,device_not_recording
1778934480000,2026-05-16T12:28:00Z,1788-1-1-HN,,,,,device_not_recording
1778934540000,2026-05-16T12:29:00Z,1788-1-1-HN,,,,,device_not_recording
1778934600000,2026-05-16T12:30:00Z,1788-1-1-HN,,,,,device_not_recording
1778934660000,2026-05-16T12:31:00Z,1788-1-1-HN,,,,,device_not_recording
1778934720000,2026-05-16T12:32:00Z,1788-1-1-HN,,,,,device_not_recording
1778934780000,2026-05-16T12:33:00Z,1788-1-1-HN,,,,,device_not_recording
1778934840000,2026-05-16T12:34:00Z,1788-1-1-HN,,,,,device_not_recording
1778934900000,2026-05-16T12:35:00Z,1788-1-1-HN,,,,,device_not_recording
1778934960000,2026-05-16T12:36:00Z,1788-1-1-HN,,,,,device_not_recording
1778935020000,2026-05-16T12:37:00Z,1788-1-1-HN,,,,,device_not_recording
1778935080000,2026-05-16T12:38:00Z,1788-1-1-HN,,,,,device_not_recording
1778935140000,2026-05-16T12:39:00Z,1788-1-1-HN,,,,,device_not_recording
1778935200000,2026-05-16T12:40:00Z,1788-1-1-HN,,,,,device_not_recording
1778935260000,2026-05-16T12:41:00Z,1788-1-1-HN,,,,,device_not_recording
1778935320000,2026-05-16T12:42:00Z,1788-1-1-HN,,,,,device_not_recording
1778935380000,2026-05-16T12:43:00Z,1788-1-1-HN,,,,,device_not_recording
1778935440000,2026-05-16T12:44:00Z,1788-1-1-HN,,,,,device_not_recording
1778935500000,2026-05-16T12:45:00Z,1788-1-1-HN,,,,,device_not_recording
1778935560000,2026-05-16T12:46:00Z,1788-1-1-HN,,,,,device_not_recording
1778935620000,2026-05-16T12:47:00Z,1788-1-1-HN,,,,,device_not_recording
1778935680000,2026-05-16T12:48:00Z,1788-1-1-HN,,,,,device_not_recording
1778935740000,2026-05-16T12:49:00Z,1788-1-1-HN,,,,,device_not_recording
1778935800000,2026-05-16T12:50:00Z,1788-1-1-HN,,,,,device_not_recording
1778935860000,2026-05-16T12:51:00Z,1788-1-1-HN,,,,,device_not_recording
1778935920000,2026-05-16T12:52:00Z,1788-1-1-HN,,,,,device_not_recording
1778935980000,2026-05-16T12:53:00Z,1788-1-1-HN,,,,,device_not_recording
1778936040000,2026-05-16T12:54:00Z,1788-1-1-HN,,,,,device_not_recording
1778936100000,2026-05-16T12:55:00Z,1788-1-1-HN,,,,,device_not_recording
1778936160000,2026-05-16T12:56:00Z,1788-1-1-HN,,,,,device_not_recording
1778936220000,2026-05-16T12:57:00Z,1788-1-1-HN,,,,,device_not_recording
1778936280000,2026-05-16T12:58:00Z,1788-1-1-HN,,,,,device_not_recording
1778936340000,2026-05-16T12:59:00Z,1788-1-1-HN,,,,,device_not_recording
1778936400000,2026-05-16T13:00:00Z,1788-1-1-HN,,,,,device_not_recording
1778936460000,2026-05-16T13:01:00Z,1788-1-1-HN,,,,,device_not_recording
1778936520000,2026-05-16T13:02:00Z,1788-1-1-HN,,,,,device_not_recording
1778936580000,2026-05-16T13:03:00Z,1788-1-1-HN,,,,,device_not_recording
1778936640000,2026-05-16T13:04:00Z,1788-1-1-HN,,,,,device_not_recording
1778936700000,2026-05-16T13:05:00Z,1788-1-1-HN,,,,,device_not_recording
1778936760000,2026-05-16T13:06:00Z,1788-1-1-HN,,,,,device_not_recording
1778936820000,2026-05-16T13:07:00Z,1788-1-1-HN,,,,,device_not_recording
1778936880000,2026-05-16T13:08:00Z,1788-1-1-HN,,,,,device_not_recording
1778936940000,2026-05-16T13:09:00Z,1788-1-1-HN,,,,,device_not_recording
1778937000000,2026-05-16T13:10:00Z,1788-1-1-HN,,,,,device_not_recording
1778937060000,2026-05-16T13:11:00Z,1788-1-1-HN,,,,,device_not_recording
1778937120000,2026-05-16T13:12:00Z,1788-1-1-HN,,,,,device_not_recording
1778937180000,2026-05-16T13:13:00Z,1788-1-1-HN,,,,,device_not_recording
1778937240000,2026-05-16T13:14:00Z,1788-1-1-HN,,,,,device_not_recording
1778937300000,2026-05-16T13:15:00Z,1788-1-1-HN,,,,,device_not_recording
1778937360000,2026-05-16T13:16:00Z,1788-1-1-HN,,,,,device_not_recording
1778937420000,2026-05-16T13:17:00Z,1788-1-1-HN,,,,,device_not_recording
1778937480000,2026-05-16T13:18:00Z,1788-1-1-HN,,,,,device_not_recording
1778937540000,2026-05-16T13:19:00Z,1788-1-1-HN,,,,,device_not_recording
1778937600000,2026-05-16T13:20:00Z,1788-1-1-HN,,,,,device_not_recording
1778937660000,2026-05-16T13:21:00Z,1788-1-1-HN,,,,,device_not_recording
1778937720000,2026-05-16T13:22:00Z,1788-1-1-HN,,,,,device_not_recording
1778937780000,2026-05-16T13:23:00Z,1788-1-1-HN,,,,,device_not_recording
1778937840000,2026-05-16T13:24:00Z,1788-1-1-HN,,,,,device_not_recording
1778937900000,2026-05-16T13:25:00Z,1788-1-1-HN,,,,,device_not_recording
1778937960000,2026-05-16T13:26:00Z,1788-1-1-HN,,,,,device_not_recording
1778938020000,2026-05-16T13:27:00Z,1788-1-1-HN,,,,,device_not_recording
1778938080000,2026-05-16T13:28:00Z,1788-1-1-HN,,,,,device_not_recording
1778938140000,2026-05-16T13:29:00Z,1788-1-1-HN,,,,,device_not_recording
1778938200000,2026-05-16T13:30:00Z,1788-1-1-HN,,,,,device_not_recording
1778938260000,2026-05-16T13:31:00Z,1788-1-1-HN,,,,,device_not_recording
1778938320000,2026-05-16T13:32:00Z,1788-1-1-HN,,,,,device_not_recording
1778938380000,2026-05-16T13:33:00Z,1788-1-1-HN,,,,,device_not_recording
1778938440000,2026-05-16T13:34:00Z,1788-1-1-HN,,,,,device_not_recording
1778938500000,2026-05-16T13:35:00Z,1788-1-1-HN,,,,,device_not_recording
1778938560000,2026-05-16T13:36:00Z,1788-1-1-HN,,,,,device_not_recording
1778938620000,2026-05-16T13:37:00Z,1788-1-1-HN,,,,,device_not_recording
1778938680000,2026-05-16T13:38:00Z,1788-1-1-HN,,,,,device_not_recording
1778938740000,2026-05-16T13:39:00Z,1788-1-1-HN,,,,,device_not_recording
1778938800000,2026-05-16T13:40:00Z,1788-1-1-HN,,,,,device_not_recording
1778938860000,2026-05-16T13:41:00Z,1788-1-1-HN,,,,,device_not_recording
1778938920000,2026-05-16T13:42:00Z,1788-1-1-HN,,,,,device_not_recording
1778938980000,2026-05-16T13:43:00Z,1788-1-1-HN,,,,,device_not_recording
1778939040000,2026-05-16T13:44:00Z,1788-1-1-HN,,,,,device_not_recording
1778939100000,2026-05-16T13:45:00Z,1788-1-1-HN,,,,,device_not_recording
1778939160000,2026-05-16T13:46:00Z,1788-1-1-HN,,,,,device_not_recording
1778939220000,2026-05-16T13:47:00Z,1788-1-1-HN,,,,,device_not_recording
1778939280000,2026-05-16T13:48:00Z,1788-1-1-HN,,,,,device_not_recording
1778939340000,2026-05-16T13:49:00Z,1788-1-1-HN,,,,,device_not_recording
1778939400000,2026-05-16T13:50:00Z,1788-1-1-HN,,,,,device_not_recording
1778939460000,2026-05-16T13:51:00Z,1788-1-1-HN,,,,,device_not_recording
1778939520000,2026-05-16T13:52:00Z,1788-1-1-HN,,,,,device_not_recording
1778939580000,2026-05-16T13:53:00Z,1788-1-1-HN,,,,,device_not_recording
1778939640000,2026-05-16T13:54:00Z,1788-1-1-HN,,,,,device_not_recording
1778939700000,2026-05-16T13:55:00Z,1788-1-1-HN,,,,,device_not_recording
1778939760000,2026-05-16T13:56:00Z,1788-1-1-HN,,,,,device_not_recording
1778939820000,2026-05-16T13:57:00Z,1788-1-1-HN,,,,,device_not_recording
1778939880000,2026-05-16T13:58:00Z,1788-1-1-HN,,,,,device_not_recording
1778939940000,2026-05-16T13:59:00Z,1788-1-1-HN,,,,,device_not_recording
1778940000000,2026-05-16T14:00:00Z,1788-1-1-HN,,,,,device_not_recording
1778940060000,2026-05-16T14:01:00Z,1788-1-1-HN,,,,,device_not_recording
1778940120000,2026-05-16T14:02:00Z,1788-1-1-HN,,,,,device_not_recording
1778940180000,2026-05-16T14:03:00Z,1788-1-1-HN,,,,,device_not_recording
1778940240000,2026-05-16T14:04:00Z,1788-1-1-HN,,,,,device_not_recording
1778940300000,2026-05-16T14:05:00Z,1788-1-1-HN,,,,,device_not_recording
1778940360000,2026-05-16T14:06:00Z,1788-1-1-HN,,,,,device_not_recording
1778940420000,2026-05-16T14:07:00Z,1788-1-1-HN,,,,,device_not_recording
1778940480000,2026-05-16T14:08:00Z,1788-1-1-HN,,,,,device_not_recording
1778940540000,2026-05-16T14:09:00Z,1788-1-1-HN,,,,,device_not_recording
1778940600000,2026-05-16T14:10:00Z,1788-1-1-HN,,,,,device_not_recording
1778940660000,2026-05-16T14:11:00Z,1788-1-1-HN,,,,,device_not_recording
1778940720000,2026-05-16T14:12:00Z,1788-1-1-HN,,,,,device_not_recording
1778940780000,2026-05-16T14:13:00Z,1788-1-1-HN,,,,,device_not_recording
1778940840000,2026-05-16T14:14:00Z,1788-1-1-HN,,,,,device_not_recording
1778940900000,2026-05-16T14:15:00Z,1788-1-1-HN,,,,,device_not_recording
1778940960000,2026-05-16T14:16:00Z,1788-1-1-HN,,,,,device_not_recording
1778941020000,2026-05-16T14:17:00Z,1788-1-1-HN,,,,,device_not_recording
1778941080000,2026-05-16T14:18:00Z,1788-1-1-HN,,,,,device_not_recording
1778941140000,2026-05-16T14:19:00Z,1788-1-1-HN,,,,,device_not_recording
1778941200000,2026-05-16T14:20:00Z,1788-1-1-HN,,,,,device_not_recording
1778941260000,2026-05-16T14:21:00Z,1788-1-1-HN,,,,,device_not_recording
1778941320000,2026-05-16T14:22:00Z,1788-1-1-HN,,,,,device_not_recording
1778941380000,2026-05-16T14:23:00Z,1788-1-1-HN,,,,,device_not_recording
1778941440000,2026-05-16T14:24:00Z,1788-1-1-HN,,,,,device_not_recording
1778941500000,2026-05-16T14:25:00Z,1788-1-1-HN,,,,,device_not_recording
1778941560000,2026-05-16T14:26:00Z,1788-1-1-HN,,,,,device_not_recording
1778941620000,2026-05-16T14:27:00Z,1788-1-1-HN,,,,,device_not_recording
1778941680000,2026-05-16T14:28:00Z,1788-1-1-HN,,,,,device_not_recording
1778941740000,2026-05-16T14:29:00Z,1788-1-1-HN,,,,,device_not_recording
1778941800000,2026-05-16T14:30:00Z,1788-1-1-HN,,,,,device_not_recording
1778941860000,2026-05-16T14:31:00Z,1788-1-1-HN,,,,,device_not_recording
1778941920000,2026-05-16T14:32:00Z,1788-1-1-HN,,,,,device_not_recording
1778941980000,2026-05-16T14:33:00Z,1788-1-1-HN,,,,,device_not_recording
1778942040000,2026-05-16T14:34:00Z,1788-1-1-HN,,,,,device_not_recording
1778942100000,2026-05-16T14:35:00Z,1788-1-1-HN,,,,,device_not_recording
1778942160000,2026-05-16T14:36:00Z,1788-1-1-HN,,,,,device_not_recording
1778942220000,2026-05-16T14:37:00Z,1788-1-1-HN,,,,,device_not_recording
1778942280000,2026-05-16T14:38:00Z,1788-1-1-HN,,,,,device_not_recording
1778942340000,2026-05-16T14:39:00Z,1788-1-1-HN,,,,,device_not_recording
1778942400000,2026-05-16T14:40:00Z,1788-1-1-HN,,,,,device_not_recording
1778942460000,2026-05-16T14:41:00Z,1788-1-1-HN,,,,,device_not_recording
1778942520000,2026-05-16T14:42:00Z,1788-1-1-HN,,,,,device_not_recording
1778942580000,2026-05-16T14:43:00Z,1788-1-1-HN,,,,,device_not_recording
1778942640000,2026-05-16T14:44:00Z,1788-1-1-HN,,,,,device_not_recording
1778942700000,2026-05-16T14:45:00Z,1788-1-1-HN,,,,,device_not_recording
1778942760000,2026-05-16T14:46:00Z,1788-1-1-HN,,,,,device_not_recording
1778942820000,2026-05-16T14:47:00Z,1788-1-1-HN,,,,,device_not_recording
1778942880000,2026-05-16T14:48:00Z,1788-1-1-HN,,,,,device_not_recording
1778942940000,2026-05-16T14:49:00Z,1788-1-1-HN,,,,,device_not_recording
1778943000000,2026-05-16T14:50:00Z,1788-1-1-HN,,,,,device_not_recording
1778943060000,2026-05-16T14:51:00Z,1788-1-1-HN,,,,,device_not_recording
1778943120000,2026-05-16T14:52:00Z,1788-1-1-HN,,,,,device_not_recording
1778943180000,2026-05-16T14:53:00Z,1788-1-1-HN,,,,,device_not_recording
1778943240000,2026-05-16T14:54:00Z,1788-1-1-HN,,,,,device_not_recording
1778943300000,2026-05-16T14:55:00Z,1788-1-1-HN,,,,,device_not_recording
1778943360000,2026-05-16T14:56:00Z,1788-1-1-HN,,,,,device_not_recording
1778943420000,2026-05-16T14:57:00Z,1788-1-1-HN,,,,,device_not_recording
1778943480000,2026-05-16T14:58:00Z,1788-1-1-HN,,,,,device_not_recording
1778943540000,2026-05-16T14:59:00Z,1788-1-1-HN,,,,,device_not_recording
1778943600000,2026-05-16T15:00:00Z,1788-1-1-HN,,,,,device_not_recording
1778943660000,2026-05-16T15:01:00Z,1788-1-1-HN,,,,,device_not_recording
1778943720000,2026-05-16T15:02:00Z,1788-1-1-HN,,,,,device_not_recording
1778943780000,2026-05-16T15:03:00Z,1788-1-1-HN,,,,,device_not_recording
1778943840000,2026-05-16T15:04:00Z,1788-1-1-HN,,,,,device_not_recording
1778943900000,2026-05-16T15:05:00Z,1788-1-1-HN,,,,,device_not_recording
1778943960000,2026-05-16T15:06:00Z,1788-1-1-HN,,,,,device_not_recording
1778944020000,2026-05-16T15:07:00Z,1788-1-1-HN,,,,,device_not_recording
1778944080000,2026-05-16T15:08:00Z,1788-1-1-HN,,,,,device_not_recording
1778944140000,2026-05-16T15:09:00Z,1788-1-1-HN,,,,,device_not_recording
1778944200000,2026-05-16T15:10:00Z,1788-1-1-HN,,,,,device_not_recording
1778944260000,2026-05-16T15:11:00Z,1788-1-1-HN,,,,,device_not_recording
1778944320000,2026-05-16T15:12:00Z,1788-1-1-HN,,,,,device_not_recording
1778944380000,2026-05-16T15:13:00Z,1788-1-1-HN,,,,,device_not_recording
1778944440000,2026-05-16T15:14:00Z,1788-1-1-HN,,,,,device_not_recording
1778944500000,2026-05-16T15:15:00Z,1788-1-1-HN,,,,,device_not_recording
1778944560000,2026-05-16T15:16:00Z,1788-1-1-HN,,,,,device_not_recording
1778944620000,2026-05-16T15:17:00Z,1788-1-1-HN,,,,,device_not_recording
1778944680000,2026-05-16T15:18:00Z,1788-1-1-HN,,,,,device_not_recording
1778944740000,2026-05-16T15:19:00Z,1788-1-1-HN,,,,,device_not_recording
1778944800000,2026-05-16T15:20:00Z,1788-1-1-HN,,,,,device_not_recording
1778944860000,2026-05-16T15:21:00Z,1788-1-1-HN,,,,,device_not_recording
1778944920000,2026-05-16T15:22:00Z,1788-1-1-HN,,,,,device_not_recording
1778944980000,2026-05-16T15:23:00Z,1788-1-1-HN,,,,,device_not_recording
1778945040000,2026-05-16T15:24:00Z,1788-1-1-HN,,,,,device_not_recording
1778945100000,2026-05-16T15:25:00Z,1788-1-1-HN,,,,,device_not_recording
1778945160000,2026-05-16T15:26:00Z,1788-1-1-HN,,,,,device_not_recording
1778945220000,2026-05-16T15:27:00Z,1788-1-1-HN,,,,,device_not_recording
1778945280000,2026-05-16T15:28:00Z,1788-1-1-HN,,,,,device_not_recording
1778945340000,2026-05-16T15:29:00Z,1788-1-1-HN,,,,,device_not_recording
1778945400000,2026-05-16T15:30:00Z,1788-1-1-HN,,,,,device_not_recording
1778945460000,2026-05-16T15:31:00Z,1788-1-1-HN,,,,,device_not_recording
1778945520000,2026-05-16T15:32:00Z,1788-1-1-HN,,,,,device_not_recording
1778945580000,2026-05-16T15:33:00Z,1788-1-1-HN,,,,,device_not_recording
1778945640000,2026-05-16T15:34:00Z,1788-1-1-HN,,,,,device_not_recording
1778945700000,2026-05-16T15:35:00Z,1788-1-1-HN,,,,,device_not_recording
1778945760000,2026-05-16T15:36:00Z,1788-1-1-HN,,,,,device_not_recording
1778945820000,2026-05-16T15:37:00Z,1788-1-1-HN,,,,,device_not_recording
1778945880000,2026-05-16T15:38:00Z,1788-1-1-HN,,,,,device_not_recording
1778945940000,2026-05-16T15:39:00Z,1788-1-1-HN,,,,,device_not_recording
1778946000000,2026-05-16T15:40:00Z,1788-1-1-HN,,,,,device_not_recording
1778946060000,2026-05-16T15:41:00Z,1788-1-1-HN,,,,,device_not_recording
1778946120000,2026-05-16T15:42:00Z,1788-1-1-HN,,,,,device_not_recording
1778946180000,2026-05-16T15:43:00Z,1788-1-1-HN,,,,,device_not_recording
1778946240000,2026-05-16T15:44:00Z,1788-1-1-HN,,,,,device_not_recording
1778946300000,2026-05-16T15:45:00Z,1788-1-1-HN,,,,,device_not_recording
1778946360000,2026-05-16T15:46:00Z,1788-1-1-HN,,,,,device_not_recording
1778946420000,2026-05-16T15:47:00Z,1788-1-1-HN,,,,,device_not_recording
1778946480000,2026-05-16T15:48:00Z,1788-1-1-HN,,,,,device_not_recording
1778946540000,2026-05-16T15:49:00Z,1788-1-1-HN,,,,,device_not_recording
1778946600000,2026-05-16T15:50:00Z,1788-1-1-HN,,,,,device_not_recording
1778946660000,2026-05-16T15:51:00Z,1788-1-1-HN,,,,,device_not_recording
1778946720000,2026-05-16T15:52:00Z,1788-1-1-HN,,,,,device_not_recording
1778946780000,2026-05-16T15:53:00Z,1788-1-1-HN,,,,,device_not_recording
1778946840000,2026-05-16T15:54:00Z,1788-1-1-HN,,,,,device_not_recording
1778946900000,2026-05-16T15:55:00Z,1788-1-1-HN,,,,,device_not_recording
1778946960000,2026-05-16T15:56:00Z,1788-1-1-HN,,,,,device_not_recording
1778947020000,2026-05-16T15:57:00Z,1788-1-1-HN,,,,,device_not_recording
1778947080000,2026-05-16T15:58:00Z,1788-1-1-HN,,,,,device_not_recording
1778947140000,2026-05-16T15:59:00Z,1788-1-1-HN,,,,,device_not_recording
1778947200000,2026-05-16T16:00:00Z,1788-1-1-HN,,,,,device_not_recording
1778947260000,2026-05-16T16:01:00Z,1788-1-1-HN,,,,,device_not_recording
1778947320000,2026-05-16T16:02:00Z,1788-1-1-HN,,,,,device_not_recording
1778947380000,2026-05-16T16:03:00Z,1788-1-1-HN,,,,,device_not_recording
1778947440000,2026-05-16T16:04:00Z,1788-1-1-HN,,,,,device_not_recording
1778947500000,2026-05-16T16:05:00Z,1788-1-1-HN,,,,,device_not_recording
1778947560000,2026-05-16T16:06:00Z,1788-1-1-HN,,,,,device_not_recording
1778947620000,2026-05-16T16:07:00Z,1788-1-1-HN,,,,,device_not_recording
1778947680000,2026-05-16T16:08:00Z,1788-1-1-HN,,,,,device_not_recording
1778947740000,2026-05-16T16:09:00Z,1788-1-1-HN,,,,,device_not_recording
1778947800000,2026-05-16T16:10:00Z,1788-1-1-HN,,,,,device_not_recording
1778947860000,2026-05-16T16:11:00Z,1788-1-1-HN,,,,,device_not_recording
1778947920000,2026-05-16T16:12:00Z,1788-1-1-HN,,,,,device_not_recording
1778947980000,2026-05-16T16:13:00Z,1788-1-1-HN,,,,,device_not_recording
1778948040000,2026-05-16T16:14:00Z,1788-1-1-HN,,,,,device_not_recording
1778948100000,2026-05-16T16:15:00Z,1788-1-1-HN,,,,,device_not_recording
1778948160000,2026-05-16T16:16:00Z,1788-1-1-HN,,,,,device_not_recording
1778948220000,2026-05-16T16:17:00Z,1788-1-1-HN,,,,,device_not_recording
1778948280000,2026-05-16T16:18:00Z,1788-1-1-HN,,,,,device_not_recording
1778948340000,2026-05-16T16:19:00Z,1788-1-1-HN,,,,,device_not_recording
1778948400000,2026-05-16T16:20:00Z,1788-1-1-HN,,,,,device_not_recording
1778948460000,2026-05-16T16:21:00Z,1788-1-1-HN,,,,,device_not_recording
1778948520000,2026-05-16T16:22:00Z,1788-1-1-HN,,,,,device_not_recording
1778948580000,2026-05-16T16:23:00Z,1788-1-1-HN,,,,,device_not_recording
1778948640000,2026-05-16T16:24:00Z,1788-1-1-HN,,,,,device_not_recording
1778948700000,2026-05-16T16:25:00Z,1788-1-1-HN,,,,,device_not_recording
1778948760000,2026-05-16T16:26:00Z,1788-1-1-HN,,,,,device_not_recording
1778948820000,2026-05-16T16:27:00Z,1788-1-1-HN,,,,,device_not_recording
1778948880000,2026-05-16T16:28:00Z,1788-1-1-HN,,,,,device_not_recording
1778948940000,2026-05-16T16:29:00Z,1788-1-1-HN,,,,,device_not_recording
1778949000000,2026-05-16T16:30:00Z,1788-1-1-HN,,,,,device_not_recording
1778949060000,2026-05-16T16:31:00Z,1788-1-1-HN,,,,,device_not_recording
1778949120000,2026-05-16T16:32:00Z,1788-1-1-HN,,,,,device_not_recording
1778949180000,2026-05-16T16:33:00Z,1788-1-1-HN,,,,,device_not_recording
1778949240000,2026-05-16T16:34:00Z,1788-1-1-HN,,,,,device_not_recording
1778949300000,2026-05-16T16:35:00Z,1788-1-1-HN,,,,,device_not_recording
1778949360000,2026-05-16T16:36:00Z,1788-1-1-HN,,,,,device_not_recording
1778949420000,2026-05-16T16:37:00Z,1788-1-1-HN,,,,,device_not_recording
1778949480000,2026-05-16T16:38:00Z,1788-1-1-HN,,,,,device_not_recording
1778949540000,2026-05-16T16:39:00Z,1788-1-1-HN,,,,,device_not_recording
1778949600000,2026-05-16T16:40:00Z,1788-1-1-HN,,,,,device_not_recording
1778949660000,2026-05-16T16:41:00Z,1788-1-1-HN,,,,,device_not_recording
1778949720000,2026-05-16T16:42:00Z,1788-1-1-HN,,,,,device_not_recording
1778949780000,2026-05-16T16:43:00Z,1788-1-1-HN,,,,,device_not_recording
1778949840000,2026-05-16T16:44:00Z,1788-1-1-HN,,,,,device_not_recording
1778949900000,2026-05-16T16:45:00Z,1788-1-1-HN,,,,,device_not_recording
1778949960000,2026-05-16T16:46:00Z,1788-1-1-HN,,,,,device_not_recording
1778950020000,2026-05-16T16:47:00Z,1788-1-1-HN,,,,,device_not_recording
1778950080000,2026-05-16T16:48:00Z,1788-1-1-HN,,,,,device_not_recording
1778950140000,2026-05-16T16:49:00Z,1788-1-1-HN,,,,,device_not_recording
1778950200000,2026-05-16T16:50:00Z,1788-1-1-HN,,,,,device_not_recording
1778950260000,2026-05-16T16:51:00Z,1788-1-1-HN,,,,,device_not_recording
1778950320000,2026-05-16T16:52:00Z,1788-1-1-HN,,,,,device_not_recording
1778950380000,2026-05-16T16:53:00Z,1788-1-1-HN,,,,,device_not_recording
1778950440000,2026-05-16T16:54:00Z,1788-1-1-HN,,,,,device_not_recording
1778950500000,2026-05-16T16:55:00Z,1788-1-1-HN,,,,,device_not_recording
1778950560000,2026-05-16T16:56:00Z,1788-1-1-HN,,,,,device_not_recording
1778950620000,2026-05-16T16:57:00Z,1788-1-1-HN,,,,,device_not_recording
1778950680000,2026-05-16T16:58:00Z,1788-1-1-HN,,,,,device_not_recording
1778950740000,2026-05-16T16:59:00Z,1788-1-1-HN,,,,,device_not_recording
1778950800000,2026-05-16T17:00:00Z,1788-1-1-HN,,,,,device_not_recording
1778950860000,2026-05-16T17:01:00Z,1788-1-1-HN,,,,,device_not_recording
1778950920000,2026-05-16T17:02:00Z,1788-1-1-HN,,,,,device_not_recording
1778950980000,2026-05-16T17:03:00Z,1788-1-1-HN,,,,,device_not_recording
1778951040000,2026-05-16T17:04:00Z,1788-1-1-HN,,,,,device_not_recording
1778951100000,2026-05-16T17:05:00Z,1788-1-1-HN,,,,,device_not_recording
1778951160000,2026-05-16T17:06:00Z,1788-1-1-HN,,,,,device_not_recording
1778951220000,2026-05-16T17:07:00Z,1788-1-1-HN,,,,,device_not_recording
1778951280000,2026-05-16T17:08:00Z,1788-1-1-HN,,,,,device_not_recording
1778951340000,2026-05-16T17:09:00Z,1788-1-1-HN,,,,,device_not_recording
1778951400000,2026-05-16T17:10:00Z,1788-1-1-HN,,,,,device_not_recording
1778951460000,2026-05-16T17:11:00Z,1788-1-1-HN,,,,,device_not_recording
1778951520000,2026-05-16T17:12:00Z,1788-1-1-HN,,,,,device_not_recording
1778951580000,2026-05-16T17:13:00Z,1788-1-1-HN,,,,,device_not_recording
1778951640000,2026-05-16T17:14:00Z,1788-1-1-HN,,,,,device_not_recording
1778951700000,2026-05-16T17:15:00Z,1788-1-1-HN,,,,,device_not_recording
1778951760000,2026-05-16T17:16:00Z,1788-1-1-HN,,,,,device_not_recording
1778951820000,2026-05-16T17:17:00Z,1788-1-1-HN,,,,,device_not_recording
1778951880000,2026-05-16T17:18:00Z,1788-1-1-HN,,,,,device_not_recording
1778951940000,2026-05-16T17:19:00Z,1788-1-1-HN,,,,,device_not_recording
1778952000000,2026-05-16T17:20:00Z,1788-1-1-HN,,,,,device_not_recording
1778952060000,2026-05-16T17:21:00Z,1788-1-1-HN,,,,,device_not_recording
1778952120000,2026-05-16T17:22:00Z,1788-1-1-HN,,,,,device_not_recording
1778952180000,2026-05-16T17:23:00Z,1788-1-1-HN,,,,,device_not_recording
1778952240000,2026-05-16T17:24:00Z,1788-1-1-HN,,,,,device_not_recording
1778952300000,2026-05-16T17:25:00Z,1788-1-1-HN,,,,,device_not_recording
1778952360000,2026-05-16T17:26:00Z,1788-1-1-HN,,,,,device_not_recording
1778952420000,2026-05-16T17:27:00Z,1788-1-1-HN,,,,,device_not_recording
1778952480000,2026-05-16T17:28:00Z,1788-1-1-HN,,,,,device_not_recording
1778952540000,2026-05-16T17:29:00Z,1788-1-1-HN,,,,,device_not_recording
1778952600000,2026-05-16T17:30:00Z,1788-1-1-HN,,,,,device_not_recording
1778952660000,2026-05-16T17:31:00Z,1788-1-1-HN,,,,,device_not_recording
1778952720000,2026-05-16T17:32:00Z,1788-1-1-HN,,,,,device_not_recording
1778952780000,2026-05-16T17:33:00Z,1788-1-1-HN,,,,,device_not_recording
1778952840000,2026-05-16T17:34:00Z,1788-1-1-HN,,,,,device_not_recording
1778952900000,2026-05-16T17:35:00Z,1788-1-1-HN,,,,,device_not_recording
1778952960000,2026-05-16T17:36:00Z,1788-1-1-HN,,,,,device_not_recording
1778953020000,2026-05-16T17:37:00Z,1788-1-1-HN,,,,,device_not_recording
1778953080000,2026-05-16T17:38:00Z,1788-1-1-HN,,,,,device_not_recording
1778953140000,2026-05-16T17:39:00Z,1788-1-1-HN,,,,,device_not_recording
1778953200000,2026-05-16T17:40:00Z,1788-1-1-HN,,,,,device_not_recording
1778953260000,2026-05-16T17:41:00Z,1788-1-1-HN,,,,,device_not_recording
1778953320000,2026-05-16T17:42:00Z,1788-1-1-HN,,,,,device_not_recording
1778953380000,2026-05-16T17:43:00Z,1788-1-1-HN,,,,,device_not_recording
1778953440000,2026-05-16T17:44:00Z,1788-1-1-HN,,,,,device_not_recording
1778953500000,2026-05-16T17:45:00Z,1788-1-1-HN,,,,,device_not_recording
1778953560000,2026-05-16T17:46:00Z,1788-1-1-HN,,,,,device_not_recording
1778953620000,2026-05-16T17:47:00Z,1788-1-1-HN,,,,,device_not_recording
1778953680000,2026-05-16T17:48:00Z,1788-1-1-HN,,,,,device_not_recording
1778953740000,2026-05-16T17:49:00Z,1788-1-1-HN,,,,,device_not_recording
1778953800000,2026-05-16T17:50:00Z,1788-1-1-HN,,,,,device_not_recording
1778953860000,2026-05-16T17:51:00Z,1788-1-1-HN,,,,,device_not_recording
1778953920000,2026-05-16T17:52:00Z,1788-1-1-HN,,,,,device_not_recording
1778953980000,2026-05-16T17:53:00Z,1788-1-1-HN,,,,,device_not_recording
1778954040000,2026-05-16T17:54:00Z,1788-1-1-HN,,,,,device_not_recording
1778954100000,2026-05-16T17:55:00Z,1788-1-1-HN,,,,,device_not_recording
1778954160000,2026-05-16T17:56:00Z,1788-1-1-HN,,,,,device_not_recording
1778954220000,2026-05-16T17:57:00Z,1788-1-1-HN,,,,,device_not_recording
1778954280000,2026-05-16T17:58:00Z,1788-1-1-HN,,,,,device_not_recording
1778954340000,2026-05-16T17:59:00Z,1788-1-1-HN,,,,,device_not_recording
1778954400000,2026-05-16T18:00:00Z,1788-1-1-HN,,,,,device_not_recording
1778954460000,2026-05-16T18:01:00Z,1788-1-1-HN,,,,,device_not_recording
1778954520000,2026-05-16T18:02:00Z,1788-1-1-HN,,,,,device_not_recording
1778954580000,2026-05-16T18:03:00Z,1788-1-1-HN,,,,,device_not_recording
1778954640000,2026-05-16T18:04:00Z,1788-1-1-HN,,,,,device_not_recording
1778954700000,2026-05-16T18:05:00Z,1788-1-1-HN,,,,,device_not_recording
1778954760000,2026-05-16T18:06:00Z,1788-1-1-HN,,,,,device_not_recording
1778954820000,2026-05-16T18:07:00Z,1788-1-1-HN,,,,,device_not_recording
1778954880000,2026-05-16T18:08:00Z,1788-1-1-HN,,,,,device_not_recording
1778954940000,2026-05-16T18:09:00Z,1788-1-1-HN,,,,,device_not_recording
1778955000000,2026-05-16T18:10:00Z,1788-1-1-HN,,,,,device_not_recording
1778955060000,2026-05-16T18:11:00Z,1788-1-1-HN,,,,,device_not_recording
1778955120000,2026-05-16T18:12:00Z,1788-1-1-HN,,,,,device_not_recording
1778955180000,2026-05-16T18:13:00Z,1788-1-1-HN,,,,,device_not_recording
1778955240000,2026-05-16T18:14:00Z,1788-1-1-HN,,,,,device_not_recording
1778955300000,2026-05-16T18:15:00Z,1788-1-1-HN,,,,,device_not_recording
1778955360000,2026-05-16T18:16:00Z,1788-1-1-HN,,,,,device_not_recording
1778955420000,2026-05-16T18:17:00Z,1788-1-1-HN,,,,,device_not_recording
1778955480000,2026-05-16T18:18:00Z,1788-1-1-HN,,,,,device_not_recording
1778955540000,2026-05-16T18:19:00Z,1788-1-1-HN,,,,,device_not_recording
1778955600000,2026-05-16T18:20:00Z,1788-1-1-HN,,,,,device_not_recording
1778955660000,2026-05-16T18:21:00Z,1788-1-1-HN,,,,,device_not_recording
1778955720000,2026-05-16T18:22:00Z,1788-1-1-HN,,,,,device_not_recording
1778955780000,2026-05-16T18:23:00Z,1788-1-1-HN,,,,,device_not_recording
1778955840000,2026-05-16T18:24:00Z,1788-1-1-HN,,,,,device_not_recording
1778955900000,2026-05-16T18:25:00Z,1788-1-1-HN,,,,,device_not_recording
1778955960000,2026-05-16T18:26:00Z,1788-1-1-HN,,,,,device_not_recording
1778956020000,2026-05-16T18:27:00Z,1788-1-1-HN,,,,,device_not_recording
1778956080000,2026-05-16T18:28:00Z,1788-1-1-HN,,,,,device_not_recording
1778956140000,2026-05-16T18:29:00Z,1788-1-1-HN,,,,,device_not_recording
1778956200000,2026-05-16T18:30:00Z,1788-1-1-HN,,,,,device_not_recording
1778956260000,2026-05-16T18:31:00Z,1788-1-1-HN,,,,,device_not_recording
1778956320000,2026-05-16T18:32:00Z,1788-1-1-HN,,,,,device_not_recording
1778956380000,2026-05-16T18:33:00Z,1788-1-1-HN,,,,,device_not_recording
1778956440000,2026-05-16T18:34:00Z,1788-1-1-HN,,,,,device_not_recording
1778956500000,2026-05-16T18:35:00Z,1788-1-1-HN,,,,,device_not_recording
1778956560000,2026-05-16T18:36:00Z,1788-1-1-HN,,,,,device_not_recording
1778956620000,2026-05-16T18:37:00Z,1788-1-1-HN,,,,,device_not_recording
1778956680000,2026-05-16T18:38:00Z,1788-1-1-HN,,,,,device_not_recording
1778956740000,2026-05-16T18:39:00Z,1788-1-1-HN,,,,,device_not_recording
1778956800000,2026-05-16T18:40:00Z,1788-1-1-HN,,,,,device_not_recording
1778956860000,2026-05-16T18:41:00Z,1788-1-1-HN,,,,,device_not_recording
1778956920000,2026-05-16T18:42:00Z,1788-1-1-HN,,,,,device_not_recording
1778956980000,2026-05-16T18:43:00Z,1788-1-1-HN,,,,,device_not_recording
1778957040000,2026-05-16T18:44:00Z,1788-1-1-HN,,,,,device_not_recording
1778957100000,2026-05-16T18:45:00Z,1788-1-1-HN,,,,,device_not_recording
1778957160000,2026-05-16T18:46:00Z,1788-1-1-HN,,,,,device_not_recording
1778957220000,2026-05-16T18:47:00Z,1788-1-1-HN,,,,,device_not_recording
1778957280000,2026-05-16T18:48:00Z,1788-1-1-HN,,,,,device_not_recording
1778957340000,2026-05-16T18:49:00Z,1788-1-1-HN,,,,,device_not_recording
1778957400000,2026-05-16T18:50:00Z,1788-1-1-HN,,,,,device_not_recording
1778957460000,2026-05-16T18:51:00Z,1788-1-1-HN,,,,,device_not_recording
1778957520000,2026-05-16T18:52:00Z,1788-1-1-HN,,,,,device_not_recording
1778957580000,2026-05-16T18:53:00Z,1788-1-1-HN,,,,,device_not_recording
1778957640000,2026-05-16T18:54:00Z,1788-1-1-HN,,,,,device_not_recording
1778957700000,2026-05-16T18:55:00Z,1788-1-1-HN,,,,,device_not_recording
1778957760000,2026-05-16T18:56:00Z,1788-1-1-HN,,,,,device_not_recording
1778957820000,2026-05-16T18:57:00Z,1788-1-1-HN,,,,,device_not_recording
1778957880000,2026-05-16T18:58:00Z,1788-1-1-HN,,,,,device_not_recording
1778957940000,2026-05-16T18:59:00Z,1788-1-1-HN,,,,,device_not_recording
1778958000000,2026-05-16T19:00:00Z,1788-1-1-HN,,,,,device_not_recording
1778958060000,2026-05-16T19:01:00Z,1788-1-1-HN,,,,,device_not_recording
1778958120000,2026-05-16T19:02:00Z,1788-1-1-HN,,,,,device_not_recording
1778958180000,2026-05-16T19:03:00Z,1788-1-1-HN,,,,,device_not_recording
1778958240000,2026-05-16T19:04:00Z,1788-1-1-HN,,,,,device_not_recording
1778958300000,2026-05-16T19:05:00Z,1788-1-1-HN,,,,,device_not_recording
1778958360000,2026-05-16T19:06:00Z,1788-1-1-HN,,,,,device_not_recording
1778958420000,2026-05-16T19:07:00Z,1788-1-1-HN,,,,,device_not_recording
1778958480000,2026-05-16T19:08:00Z,1788-1-1-HN,,,,,device_not_recording
1778958540000,2026-05-16T19:09:00Z,1788-1-1-HN,,,,,device_not_recording
1778958600000,2026-05-16T19:10:00Z,1788-1-1-HN,,,,,device_not_recording
1778958660000,2026-05-16T19:11:00Z,1788-1-1-HN,,,,,device_not_recording
1778958720000,2026-05-16T19:12:00Z,1788-1-1-HN,,,,,device_not_recording
1778958780000,2026-05-16T19:13:00Z,1788-1-1-HN,,,,,device_not_recording
1778958840000,2026-05-16T19:14:00Z,1788-1-1-HN,,,,,device_not_recording
1778958900000,2026-05-16T19:15:00Z,1788-1-1-HN,,,,,device_not_recording
1778958960000,2026-05-16T19:16:00Z,1788-1-1-HN,,,,,device_not_recording
1778959020000,2026-05-16T19:17:00Z,1788-1-1-HN,,,,,device_not_recording
1778959080000,2026-05-16T19:18:00Z,1788-1-1-HN,,,,,device_not_recording
1778959140000,2026-05-16T19:19:00Z,1788-1-1-HN,,,,,device_not_recording
1778959200000,2026-05-16T19:20:00Z,1788-1-1-HN,,,,,device_not_recording
1778959260000,2026-05-16T19:21:00Z,1788-1-1-HN,,,,,device_not_recording
1778959320000,2026-05-16T19:22:00Z,1788-1-1-HN,,,,,device_not_recording
1778959380000,2026-05-16T19:23:00Z,1788-1-1-HN,,,,,device_not_recording
1778959440000,2026-05-16T19:24:00Z,1788-1-1-HN,,,,,device_not_recording
1778959500000,2026-05-16T19:25:00Z,1788-1-1-HN,,,,,device_not_recording
1778959560000,2026-05-16T19:26:00Z,1788-1-1-HN,,,,,device_not_recording
1778959620000,2026-05-16T19:27:00Z,1788-1-1-HN,,,,,device_not_recording
1778959680000,2026-05-16T19:28:00Z,1788-1-1-HN,,,,,device_not_recording
1778959740000,2026-05-16T19:29:00Z,1788-1-1-HN,,,,,device_not_recording
1778959800000,2026-05-16T19:30:00Z,1788-1-1-HN,,,,,device_not_recording
1778959860000,2026-05-16T19:31:00Z,1788-1-1-HN,,,,,device_not_recording
1778959920000,2026-05-16T19:32:00Z,1788-1-1-HN,,,,,device_not_recording
1778959980000,2026-05-16T19:33:00Z,1788-1-1-HN,,,,,device_not_recording
1778960040000,2026-05-16T19:34:00Z,1788-1-1-HN,,,,,device_not_recording
1778960100000,2026-05-16T19:35:00Z,1788-1-1-HN,,,,,device_not_recording
1778960160000,2026-05-16T19:36:00Z,1788-1-1-HN,,,,,device_not_recording
1778960220000,2026-05-16T19:37:00Z,1788-1-1-HN,,,,,device_not_recording
1778960280000,2026-05-16T19:38:00Z,1788-1-1-HN,,,,,device_not_recording
1778960340000,2026-05-16T19:39:00Z,1788-1-1-HN,,,,,device_not_recording
1778960400000,2026-05-16T19:40:00Z,1788-1-1-HN,,,,,device_not_recording
1778960460000,2026-05-16T19:41:00Z,1788-1-1-HN,,,,,device_not_recording
1778960520000,2026-05-16T19:42:00Z,1788-1-1-HN,,,,,device_not_recording
1778960580000,2026-05-16T19:43:00Z,1788-1-1-HN,,,,,device_not_recording
1778960640000,2026-05-16T19:44:00Z,1788-1-1-HN,,,,,device_not_recording
1778960700000,2026-05-16T19:45:00Z,1788-1-1-HN,,,,,device_not_recording
1778960760000,2026-05-16T19:46:00Z,1788-1-1-HN,,,,,device_not_recording
1778960820000,2026-05-16T19:47:00Z,1788-1-1-HN,,,,,device_not_recording
1778960880000,2026-05-16T19:48:00Z,1788-1-1-HN,,,,,device_not_recording
1778960940000,2026-05-16T19:49:00Z,1788-1-1-HN,,,,,device_not_recording
1778961000000,2026-05-16T19:50:00Z,1788-1-1-HN,,,,,device_not_recording
1778961060000,2026-05-16T19:51:00Z,1788-1-1-HN,,,,,device_not_recording
1778961120000,2026-05-16T19:52:00Z,1788-1-1-HN,,,,,device_not_recording
1778961180000,2026-05-16T19:53:00Z,1788-1-1-HN,,,,,device_not_recording
1778961240000,2026-05-16T19:54:00Z,1788-1-1-HN,,,,,device_not_recording
1778961300000,2026-05-16T19:55:00Z,1788-1-1-HN,,,,,device_not_recording
1778961360000,2026-05-16T19:56:00Z,1788-1-1-HN,,,,,device_not_recording
1778961420000,2026-05-16T19:57:00Z,1788-1-1-HN,,,,,device_not_recording
1778961480000,2026-05-16T19:58:00Z,1788-1-1-HN,,,,,device_not_recording
1778961540000,2026-05-16T19:59:00Z,1788-1-1-HN,,,,,device_not_recording
1778961600000,2026-05-16T20:00:00Z,1788-1-1-HN,,,,,device_not_recording
1778961660000,2026-05-16T20:01:00Z,1788-1-1-HN,,,,,device_not_recording
1778961720000,2026-05-16T20:02:00Z,1788-1-1-HN,,,,,device_not_recording
1778961780000,2026-05-16T20:03:00Z,1788-1-1-HN,,,,,device_not_recording
1778961840000,2026-05-16T20:04:00Z,1788-1-1-HN,,,,,device_not_recording
1778961900000,2026-05-16T20:05:00Z,1788-1-1-HN,,,,,device_not_recording
1778961960000,2026-05-16T20:06:00Z,1788-1-1-HN,,,,,device_not_recording
1778962020000,2026-05-16T20:07:00Z,1788-1-1-HN,,,,,device_not_recording
1778962080000,2026-05-16T20:08:00Z,1788-1-1-HN,,,,,device_not_recording
1778962140000,2026-05-16T20:09:00Z,1788-1-1-HN,,,,,device_not_recording
1778962200000,2026-05-16T20:10:00Z,1788-1-1-HN,,,,,device_not_recording
1778962260000,2026-05-16T20:11:00Z,1788-1-1-HN,,,,,device_not_recording
1778962320000,2026-05-16T20:12:00Z,1788-1-1-HN,,,,,device_not_recording
1778962380000,2026-05-16T20:13:00Z,1788-1-1-HN,,,,,device_not_recording
1778962440000,2026-05-16T20:14:00Z,1788-1-1-HN,,,,,device_not_recording
1778962500000,2026-05-16T20:15:00Z,1788-1-1-HN,,,,,device_not_recording
1778962560000,2026-05-16T20:16:00Z,1788-1-1-HN,,,,,device_not_recording
1778962620000,2026-05-16T20:17:00Z,1788-1-1-HN,,,,,device_not_recording
1778962680000,2026-05-16T20:18:00Z,1788-1-1-HN,,,,,device_not_recording
1778962740000,2026-05-16T20:19:00Z,1788-1-1-HN,,,,,device_not_recording
1778962800000,2026-05-16T20:20:00Z,1788-1-1-HN,,,,,device_not_recording
1778962860000,2026-05-16T20:21:00Z,1788-1-1-HN,,,,,device_not_recording
1778962920000,2026-05-16T20:22:00Z,1788-1-1-HN,,,,,device_not_recording
1778962980000,2026-05-16T20:23:00Z,1788-1-1-HN,,,,,device_not_recording
1778963040000,2026-05-16T20:24:00Z,1788-1-1-HN,,,,,device_not_recording
1778963100000,2026-05-16T20:25:00Z,1788-1-1-HN,,,,,device_not_recording
1778963160000,2026-05-16T20:26:00Z,1788-1-1-HN,,,,,device_not_recording
1778963220000,2026-05-16T20:27:00Z,1788-1-1-HN,,,,,device_not_recording
1778963280000,2026-05-16T20:28:00Z,1788-1-1-HN,,,,,device_not_recording
1778963340000,2026-05-16T20:29:00Z,1788-1-1-HN,,,,,device_not_recording
1778963400000,2026-05-16T20:30:00Z,1788-1-1-HN,,,,,device_not_recording
1778963460000,2026-05-16T20:31:00Z,1788-1-1-HN,,,,,device_not_recording
1778963520000,2026-05-16T20:32:00Z,1788-1-1-HN,,,,,device_not_recording
1778963580000,2026-05-16T20:33:00Z,1788-1-1-HN,,,,,device_not_recording
1778963640000,2026-05-16T20:34:00Z,1788-1-1-HN,,,,,device_not_recording
1778963700000,2026-05-16T20:35:00Z,1788-1-1-HN,,,,,device_not_recording
1778963760000,2026-05-16T20:36:00Z,1788-1-1-HN,,,,,device_not_recording
1778963820000,2026-05-16T20:37:00Z,1788-1-1-HN,,,,,device_not_recording
1778963880000,2026-05-16T20:38:00Z,1788-1-1-HN,,,,,device_not_recording
1778963940000,2026-05-16T20:39:00Z,1788-1-1-HN,,,,,device_not_recording
1778964000000,2026-05-16T20:40:00Z,1788-1-1-HN,,,,,device_not_recording
1778964060000,2026-05-16T20:41:00Z,1788-1-1-HN,,,,,device_not_recording
1778964120000,2026-05-16T20:42:00Z,1788-1-1-HN,,,,,device_not_recording
1778964180000,2026-05-16T20:43:00Z,1788-1-1-HN,,,,,device_not_recording
1778964240000,2026-05-16T20:44:00Z,1788-1-1-HN,,,,,device_not_recording
1778964300000,2026-05-16T20:45:00Z,1788-1-1-HN,,,,,device_not_recording
1778964360000,2026-05-16T20:46:00Z,1788-1-1-HN,,,,,device_not_recording
1778964420000,2026-05-16T20:47:00Z,1788-1-1-HN,,,,,device_not_recording
1778964480000,2026-05-16T20:48:00Z,1788-1-1-HN,,,,,device_not_recording
1778964540000,2026-05-16T20:49:00Z,1788-1-1-HN,,,,,device_not_recording
1778964600000,2026-05-16T20:50:00Z,1788-1-1-HN,,,,,device_not_recording
1778964660000,2026-05-16T20:51:00Z,1788-1-1-HN,,,,,device_not_recording
1778964720000,2026-05-16T20:52:00Z,1788-1-1-HN,,,,,device_not_recording
1778964780000,2026-05-16T20:53:00Z,1788-1-1-HN,,,,,device_not_recording
1778964840000,2026-05-16T20:54:00Z,1788-1-1-HN,,,,,device_not_recording
1778964900000,2026-05-16T20:55:00Z,1788-1-1-HN,,,,,device_not_recording
1778964960000,2026-05-16T20:56:00Z,1788-1-1-HN,,,,,device_not_recording
1778965020000,2026-05-16T20:57:00Z,1788-1-1-HN,,,,,device_not_recording
1778965080000,2026-05-16T20:58:00Z,1788-1-1-HN,,,,,device_not_recording
1778965140000,2026-05-16T20:59:00Z,1788-1-1-HN,,,,,device_not_recording
1778965200000,2026-05-16T21:00:00Z,1788-1-1-HN,,,,,device_not_recording
1778965260000,2026-05-16T21:01:00Z,1788-1-1-HN,,,,,device_not_recording
1778965320000,2026-05-16T21:02:00Z,1788-1-1-HN,,,,,device_not_recording
1778965380000,2026-05-16T21:03:00Z,1788-1-1-HN,,,,,device_not_recording
1778965440000,2026-05-16T21:04:00Z,1788-1-1-HN,,,,,device_not_recording
1778965500000,2026-05-16T21:05:00Z,1788-1-1-HN,,,,,device_not_recording
1778965560000,2026-05-16T21:06:00Z,1788-1-1-HN,,,,,device_not_recording
1778965620000,2026-05-16T21:07:00Z,1788-1-1-HN,,,,,device_not_recording
1778965680000,2026-05-16T21:08:00Z,1788-1-1-HN,,,,,device_not_recording
1778965740000,2026-05-16T21:09:00Z,1788-1-1-HN,,,,,device_not_recording
1778965800000,2026-05-16T21:10:00Z,1788-1-1-HN,,,,,device_not_recording
1778965860000,2026-05-16T21:11:00Z,1788-1-1-HN,,,,,device_not_recording
1778965920000,2026-05-16T21:12:00Z,1788-1-1-HN,,,,,device_not_recording
1778965980000,2026-05-16T21:13:00Z,1788-1-1-HN,,,,,device_not_recording
1778966040000,2026-05-16T21:14:00Z,1788-1-1-HN,,,,,device_not_recording
1778966100000,2026-05-16T21:15:00Z,1788-1-1-HN,,,,,device_not_recording
1778966160000,2026-05-16T21:16:00Z,1788-1-1-HN,,,,,device_not_recording
1778966220000,2026-05-16T21:17:00Z,1788-1-1-HN,,,,,device_not_recording
1778966280000,2026-05-16T21:18:00Z,1788-1-1-HN,,,,,device_not_recording
1778966340000,2026-05-16T21:19:00Z,1788-1-1-HN,,,,,device_not_recording
1778966400000,2026-05-16T21:20:00Z,1788-1-1-HN,,,,,device_not_recording
1778966460000,2026-05-16T21:21:00Z,1788-1-1-HN,,,,,device_not_recording
1778966520000,2026-05-16T21:22:00Z,1788-1-1-HN,,,,,device_not_recording
1778966580000,2026-05-16T21:23:00Z,1788-1-1-HN,,,,,device_not_recording
1778966640000,2026-05-16T21:24:00Z,1788-1-1-HN,,,,,device_not_recording
1778966700000,2026-05-16T21:25:00Z,1788-1-1-HN,,,,,device_not_recording
1778966760000,2026-05-16T21:26:00Z,1788-1-1-HN,,,,,device_not_recording
1778966820000,2026-05-16T21:27:00Z,1788-1-1-HN,,,,,device_not_recording
1778966880000,2026-05-16T21:28:00Z,1788-1-1-HN,,,,,device_not_recording
1778966940000,2026-05-16T21:29:00Z,1788-1-1-HN,,,,,device_not_recording
1778967000000,2026-05-16T21:30:00Z,1788-1-1-HN,,,,,device_not_recording
1778967060000,2026-05-16T21:31:00Z,1788-1-1-HN,,,,,device_not_recording
1778967120000,2026-05-16T21:32:00Z,1788-1-1-HN,,,,,device_not_recording
1778967180000,2026-05-16T21:33:00Z,1788-1-1-HN,,,,,device_not_recording
1778967240000,2026-05-16T21:34:00Z,1788-1-1-HN,,,,,device_not_recording
1778967300000,2026-05-16T21:35:00Z,1788-1-1-HN,,,,,device_not_recording
1778967360000,2026-05-16T21:36:00Z,1788-1-1-HN,,,,,device_not_recording
1778967420000,2026-05-16T21:37:00Z,1788-1-1-HN,,,,,device_not_recording
1778967480000,2026-05-16T21:38:00Z,1788-1-1-HN,,,,,device_not_recording
1778967540000,2026-05-16T21:39:00Z,1788-1-1-HN,,,,,device_not_recording
1778967600000,2026-05-16T21:40:00Z,1788-1-1-HN,,,,,device_not_recording
1778967660000,2026-05-16T21:41:00Z,1788-1-1-HN,,,,,device_not_recording
1778967720000,2026-05-16T21:42:00Z,1788-1-1-HN,,,,,device_not_recording
1778967780000,2026-05-16T21:43:00Z,1788-1-1-HN,,,,,device_not_recording
1778967840000,2026-05-16T21:44:00Z,1788-1-1-HN,,,,,device_not_recording
1778967900000,2026-05-16T21:45:00Z,1788-1-1-HN,,,,,device_not_recording
1778967960000,2026-05-16T21:46:00Z,1788-1-1-HN,,,,,device_not_recording
1778968020000,2026-05-16T21:47:00Z,1788-1-1-HN,,,,,device_not_recording
1778968080000,2026-05-16T21:48:00Z,1788-1-1-HN,,,,,device_not_recording
1778968140000,2026-05-16T21:49:00Z,1788-1-1-HN,,,,,device_not_recording
1778968200000,2026-05-16T21:50:00Z,1788-1-1-HN,,,,,device_not_recording
1778968260000,2026-05-16T21:51:00Z,1788-1-1-HN,,,,,device_not_recording
1778968320000,2026-05-16T21:52:00Z,1788-1-1-HN,,,,,device_not_recording
1778968380000,2026-05-16T21:53:00Z,1788-1-1-HN,,,,,device_not_recording
1778968440000,2026-05-16T21:54:00Z,1788-1-1-HN,,,,,device_not_recording
1778968500000,2026-05-16T21:55:00Z,1788-1-1-HN,,,,,device_not_recording
1778968560000,2026-05-16T21:56:00Z,1788-1-1-HN,,,,,device_not_recording
1778968620000,2026-05-16T21:57:00Z,1788-1-1-HN,,,,,device_not_recording
1778968680000,2026-05-16T21:58:00Z,1788-1-1-HN,,,,,device_not_recording
1778968740000,2026-05-16T21:59:00Z,1788-1-1-HN,,,,,device_not_recording
1778968800000,2026-05-16T22:00:00Z,1788-1-1-HN,,,,,device_not_recording
1778968860000,2026-05-16T22:01:00Z,1788-1-1-HN,,,,,device_not_recording
1778968920000,2026-05-16T22:02:00Z,1788-1-1-HN,,,,,device_not_recording
1778968980000,2026-05-16T22:03:00Z,1788-1-1-HN,,,,,device_not_recording
1778969040000,2026-05-16T22:04:00Z,1788-1-1-HN,,,,,device_not_recording
1778969100000,2026-05-16T22:05:00Z,1788-1-1-HN,,,,,device_not_recording
1778969160000,2026-05-16T22:06:00Z,1788-1-1-HN,,,,,device_not_recording
1778969220000,2026-05-16T22:07:00Z,1788-1-1-HN,,,,,device_not_recording
1778969280000,2026-05-16T22:08:00Z,1788-1-1-HN,,,,,device_not_recording
1778969340000,2026-05-16T22:09:00Z,1788-1-1-HN,,,,,device_not_recording
1778969400000,2026-05-16T22:10:00Z,1788-1-1-HN,,,,,device_not_recording
1778969460000,2026-05-16T22:11:00Z,1788-1-1-HN,,,,,device_not_recording
1778969520000,2026-05-16T22:12:00Z,1788-1-1-HN,,,,,device_not_recording
1778969580000,2026-05-16T22:13:00Z,1788-1-1-HN,,,,,device_not_recording
1778969640000,2026-05-16T22:14:00Z,1788-1-1-HN,,,,,device_not_recording
1778969700000,2026-05-16T22:15:00Z,1788-1-1-HN,,,,,device_not_recording
1778969760000,2026-05-16T22:16:00Z,1788-1-1-HN,,,,,device_not_recording
1778969820000,2026-05-16T22:17:00Z,1788-1-1-HN,,,,,device_not_recording
1778969880000,2026-05-16T22:18:00Z,1788-1-1-HN,,,,,device_not_recording
1778969940000,2026-05-16T22:19:00Z,1788-1-1-HN,,,,,device_not_recording
1778970000000,2026-05-16T22:20:00Z,1788-1-1-HN,,,,,device_not_recording
1778970060000,2026-05-16T22:21:00Z,1788-1-1-HN,,,,,device_not_recording
1778970120000,2026-05-16T22:22:00Z,1788-1-1-HN,,,,,device_not_recording
1778970180000,2026-05-16T22:23:00Z,1788-1-1-HN,,,,,device_not_recording
1778970240000,2026-05-16T22:24:00Z,1788-1-1-HN,,,,,device_not_recording
1778970300000,2026-05-16T22:25:00Z,1788-1-1-HN,,,,,device_not_recording
1778970360000,2026-05-16T22:26:00Z,1788-1-1-HN,,,,,device_not_recording
1778970420000,2026-05-16T22:27:00Z,1788-1-1-HN,,,,,device_not_recording
1778970480000,2026-05-16T22:28:00Z,1788-1-1-HN,,,,,device_not_recording
1778970540000,2026-05-16T22:29:00Z,1788-1-1-HN,,,,,device_not_recording
1778970600000,2026-05-16T22:30:00Z,1788-1-1-HN,,,,,device_not_recording
1778970660000,2026-05-16T22:31:00Z,1788-1-1-HN,,,,,device_not_recording
1778970720000,2026-05-16T22:32:00Z,1788-1-1-HN,,,,,device_not_recording
1778970780000,2026-05-16T22:33:00Z,1788-1-1-HN,,,,,device_not_recording
1778970840000,2026-05-16T22:34:00Z,1788-1-1-HN,,,,,device_not_recording
1778970900000,2026-05-16T22:35:00Z,1788-1-1-HN,,,,,device_not_recording
1778970960000,2026-05-16T22:36:00Z,1788-1-1-HN,,,,,device_not_recording
1778971020000,2026-05-16T22:37:00Z,1788-1-1-HN,,,,,device_not_recording
1778971080000,2026-05-16T22:38:00Z,1788-1-1-HN,,,,,device_not_recording
1778971140000,2026-05-16T22:39:00Z,1788-1-1-HN,,,,,device_not_recording
1778971200000,2026-05-16T22:40:00Z,1788-1-1-HN,,,,,device_not_recording
1778971260000,2026-05-16T22:41:00Z,1788-1-1-HN,,,,,device_not_recording
1778971320000,2026-05-16T22:42:00Z,1788-1-1-HN,,,,,device_not_recording
1778971380000,2026-05-16T22:43:00Z,1788-1-1-HN,,,,,device_not_recording
1778971440000,2026-05-16T22:44:00Z,1788-1-1-HN,,,,,device_not_recording
1778971500000,2026-05-16T22:45:00Z,1788-1-1-HN,,,,,device_not_recording
1778971560000,2026-05-16T22:46:00Z,1788-1-1-HN,,,,,device_not_recording
1778971620000,2026-05-16T22:47:00Z,1788-1-1-HN,,,,,device_not_recording
1778971680000,2026-05-16T22:48:00Z,1788-1-1-HN,,,,,device_not_recording
1778971740000,2026-05-16T22:49:00Z,1788-1-1-HN,,,,,device_not_recording
1778971800000,2026-05-16T22:50:00Z,1788-1-1-HN,,,,,device_not_recording
1778971860000,2026-05-16T22:51:00Z,1788-1-1-HN,,,,,device_not_recording
1778971920000,2026-05-16T22:52:00Z,1788-1-1-HN,,,,,device_not_recording
1778971980000,2026-05-16T22:53:00Z,1788-1-1-HN,,,,,device_not_recording
1778972040000,2026-05-16T22:54:00Z,1788-1-1-HN,,,,,device_not_recording
1778972100000,2026-05-16T22:55:00Z,1788-1-1-HN,,,,,device_not_recording
1778972160000,2026-05-16T22:56:00Z,1788-1-1-HN,,,,,device_not_recording
1778972220000,2026-05-16T22:57:00Z,1788-1-1-HN,,,,,device_not_recording
1778972280000,2026-05-16T22:58:00Z,1788-1-1-HN,,,,,device_not_recording
1778972340000,2026-05-16T22:59:00Z,1788-1-1-HN,,,,,device_not_recording
1778972400000,2026-05-16T23:00:00Z,1788-1-1-HN,,,,,device_not_recording
1778972460000,2026-05-16T23:01:00Z,1788-1-1-HN,,,,,device_not_recording
1778972520000,2026-05-16T23:02:00Z,1788-1-1-HN,,,,,device_not_recording
1778972580000,2026-05-16T23:03:00Z,1788-1-1-HN,,,,,device_not_recording
1778972640000,2026-05-16T23:04:00Z,1788-1-1-HN,,,,,device_not_recording
1778972700000,2026-05-16T23:05:00Z,1788-1-1-HN,,,,,device_not_recording
1778972760000,2026-05-16T23:06:00Z,1788-1-1-HN,,,,,device_not_recording
1778972820000,2026-05-16T23:07:00Z,1788-1-1-HN,,,,,device_not_recording
1778972880000,2026-05-16T23:08:00Z,1788-1-1-HN,,,,,device_not_recording
1778972940000,2026-05-16T23:09:00Z,1788-1-1-HN,,,,,device_not_recording
1778973000000,2026-05-16T23:10:00Z,1788-1-1-HN,,,,,device_not_recording
1778973060000,2026-05-16T23:11:00Z,1788-1-1-HN,,,,,device_not_recording
1778973120000,2026-05-16T23:12:00Z,1788-1-1-HN,,,,,device_not_recording
1778973180000,2026-05-16T23:13:00Z,1788-1-1-HN,,,,,device_not_recording
1778973240000,2026-05-16T23:14:00Z,1788-1-1-HN,,,,,device_not_recording
1778973300000,2026-05-16T23:15:00Z,1788-1-1-HN,,,,,device_not_recording
1778973360000,2026-05-16T23:16:00Z,1788-1-1-HN,,,,,device_not_recording
1778973420000,2026-05-16T23:17:00Z,1788-1-1-HN,,,,,device_not_recording
1778973480000,2026-05-16T23:18:00Z,1788-1-1-HN,,,,,device_not_recording
1778973540000,2026-05-16T23:19:00Z,1788-1-1-HN,,,,,device_not_recording
1778973600000,2026-05-16T23:20:00Z,1788-1-1-HN,,,,,device_not_recording
1778973660000,2026-05-16T23:21:00Z,1788-1-1-HN,,,,,device_not_recording
1778973720000,2026-05-16T23:22:00Z,1788-1-1-HN,,,,,device_not_recording
1778973780000,2026-05-16T23:23:00Z,1788-1-1-HN,,,,,device_not_recording
1778973840000,2026-05-16T23:24:00Z,1788-1-1-HN,,,,,device_not_recording
1778973900000,2026-05-16T23:25:00Z,1788-1-1-HN,,,,,device_not_recording
1778973960000,2026-05-16T23:26:00Z,1788-1-1-HN,,,,,device_not_recording
1778974020000,2026-05-16T23:27:00Z,1788-1-1-HN,,,,,device_not_recording
1778974080000,2026-05-16T23:28:00Z,1788-1-1-HN,,,,,device_not_recording
1778974140000,2026-05-16T23:29:00Z,1788-1-1-HN,,,,,device_not_recording
1778974200000,2026-05-16T23:30:00Z,1788-1-1-HN,,,,,device_not_recording
1778974260000,2026-05-16T23:31:00Z,1788-1-1-HN,,,,,device_not_recording
1778974320000,2026-05-16T23:32:00Z,1788-1-1-HN,,,,,device_not_recording
1778974380000,2026-05-16T23:33:00Z,1788-1-1-HN,,,,,device_not_recording
1778974440000,2026-05-16T23:34:00Z,1788-1-1-HN,,,,,device_not_recording
1778974500000,2026-05-16T23:35:00Z,1788-1-1-HN,,,,,device_not_recording
1778974560000,2026-05-16T23:36:00Z,1788-1-1-HN,,,,,device_not_recording
1778974620000,2026-05-16T23:37:00Z,1788-1-1-HN,,,,,device_not_recording
1778974680000,2026-05-16T23:38:00Z,1788-1-1-HN,,,,,device_not_recording
1778974740000,2026-05-16T23:39:00Z,1788-1-1-HN,,,,,device_not_recording
1778974800000,2026-05-16T23:40:00Z,1788-1-1-HN,,,,,device_not_recording
1778974860000,2026-05-16T23:41:00Z,1788-1-1-HN,,,,,device_not_recording
1778974920000,2026-05-16T23:42:00Z,1788-1-1-HN,,,,,device_not_recording
1778974980000,2026-05-16T23:43:00Z,1788-1-1-HN,,,,,device_not_recording
1778975040000,2026-05-16T23:44:00Z,1788-1-1-HN,,,,,device_not_recording
1778975100000,2026-05-16T23:45:00Z,1788-1-1-HN,,,,,device_not_recording
1778975160000,2026-05-16T23:46:00Z,1788-1-1-HN,,,,,device_not_recording
1778975220000,2026-05-16T23:47:00Z,1788-1-1-HN,,,,,device_not_recording
1778975280000,2026-05-16T23:48:00Z,1788-1-1-HN,,,,,device_not_recording
1778975340000,2026-05-16T23:49:00Z,1788-1-1-HN,,,,,device_not_recording
1778975400000,2026-05-16T23:50:00Z,1788-1-1-HN,,,,,device_not_recording
1778975460000,2026-05-16T23:51:00Z,1788-1-1-HN,,,,,device_not_recording
1778975520000,2026-05-16T23:52:00Z,1788-1-1-HN,,,,,device_not_recording
1778975580000,2026-05-16T23:53:00Z,1788-1-1-HN,,,,,device_not_recording
1778975640000,2026-05-16T23:54:00Z,1788-1-1-HN,,,,,device_not_recording
1778975700000,2026-05-16T23:55:00Z,1788-1-1-HN,,,,,device_not_recording
1778975760000,2026-05-16T23:56:00Z,1788-1-1-HN,,,,,device_not_recording
1778975820000,2026-05-16T23:57:00Z,1788-1-1-HN,,,,,device_not_recording
1778975880000,2026-05-16T23:58:00Z,1788-1-1-HN,,,,,device_not_recording
1778975940000,2026-05-16T23:59:00Z,1788-1-1-HN,,,,,device_not_recording
